WAMX44FRXXEHXPWXNN,https://apps.apple.com/redeem?ctx=offercodes&id=6757223698&code=WAMX44FRXXEHXPWXNN
3XPH6AR7WNEJHNLYWF,https://apps.apple.com/redeem?ctx=offercodes&id=6757223698&code=3XPH6AR7WNEJHNLYWF
RRK3JPKEHF678PRY66,https://apps.apple.com/redeem?ctx=offercodes&id=6757223698&code=RRK3JPKEHF678PRY66
RPYYMTHA38TTLLRHHR,https://apps.apple.com/redeem?ctx=offercodes&id=6757223698&code=RPYYMTHA38TTLLRHHR
6FHRWFWXRHFJF8TA7T,https://apps.apple.com/redeem?ctx=offercodes&id=6757223698&code=6FHRWFWXRHFJF8TA7T
KJKKPK4W8LNT3T8JK4,https://apps.apple.com/redeem?ctx=offercodes&id=6757223698&code=KJKKPK4W8LNT3T8JK4
4WPYL8466J7MJNJN3K,https://apps.apple.com/redeem?ctx=offercodes&id=6757223698&code=4WPYL8466J7MJNJN3K
MN8F6LTTWP7RPX7WTX,https://apps.apple.com/redeem?ctx=offercodes&id=6757223698&code=MN8F6LTTWP7RPX7WTX
3ML6A43J7AHYJAAL6R,https://apps.apple.com/redeem?ctx=offercodes&id=6757223698&code=3ML6A43J7AHYJAAL6R
WKNTJHALHM3KA66YRA,https://apps.apple.com/redeem?ctx=offercodes&id=6757223698&code=WKNTJHALHM3KA66YRA
WJ37FPRF737KJ73PWP,https://apps.apple.com/redeem?ctx=offercodes&id=6757223698&code=WJ37FPRF737KJ73PWP
ATLY4K6884RLXTYRPL,https://apps.apple.com/redeem?ctx=offercodes&id=6757223698&code=ATLY4K6884RLXTYRPL
RAY3LFLAEWPRJK64TJ,https://apps.apple.com/redeem?ctx=offercodes&id=6757223698&code=RAY3LFLAEWPRJK64TJ
RLR8AP8RK6XL6E6EM6,https://apps.apple.com/redeem?ctx=offercodes&id=6757223698&code=RLR8AP8RK6XL6E6EM6
L8F68E4PJMY3FYTYYY,https://apps.apple.com/redeem?ctx=offercodes&id=6757223698&code=L8F68E4PJMY3FYTYYY
W4ALFFLRARF7K6RFRT,https://apps.apple.com/redeem?ctx=offercodes&id=6757223698&code=W4ALFFLRARF7K6RFRT
LXJ8ER78LHH7KFML4F,https://apps.apple.com/redeem?ctx=offercodes&id=6757223698&code=LXJ8ER78LHH7KFML4F
WYEHLX684NK6ALKF7F,https://apps.apple.com/redeem?ctx=offercodes&id=6757223698&code=WYEHLX684NK6ALKF7F
PFR8MH3AHF68N34FNK,https://apps.apple.com/redeem?ctx=offercodes&id=6757223698&code=PFR8MH3AHF68N34FNK
KNXJRYR4KH6MT34WFM,https://apps.apple.com/redeem?ctx=offercodes&id=6757223698&code=KNXJRYR4KH6MT34WFM
YHW4XJAFMYHLE888KK,https://apps.apple.com/redeem?ctx=offercodes&id=6757223698&code=YHW4XJAFMYHLE888KK
KFF8L47A4FHXKKHTAX,https://apps.apple.com/redeem?ctx=offercodes&id=6757223698&code=KFF8L47A4FHXKKHTAX
H7M46PKN33ALX8K8YE,https://apps.apple.com/redeem?ctx=offercodes&id=6757223698&code=H7M46PKN33ALX8K8YE
HXJEWXLLJME63XXEET,https://apps.apple.com/redeem?ctx=offercodes&id=6757223698&code=HXJEWXLLJME63XXEET
XE6KAFT837LHY6TLRA,https://apps.apple.com/redeem?ctx=offercodes&id=6757223698&code=XE6KAFT837LHY6TLRA
7E8MWFX4MEP3J6WXT6,https://apps.apple.com/redeem?ctx=offercodes&id=6757223698&code=7E8MWFX4MEP3J6WXT6
X6JTHXW8JF8WA8XP6H,https://apps.apple.com/redeem?ctx=offercodes&id=6757223698&code=X6JTHXW8JF8WA8XP6H
YL3LERXMF4YFNM48LJ,https://apps.apple.com/redeem?ctx=offercodes&id=6757223698&code=YL3LERXMF4YFNM48LJ
LTEEXMTWK7AJ8XNFY6,https://apps.apple.com/redeem?ctx=offercodes&id=6757223698&code=LTEEXMTWK7AJ8XNFY6
H87JK83NXYW8JWT8K6,https://apps.apple.com/redeem?ctx=offercodes&id=6757223698&code=H87JK83NXYW8JWT8K6
HNXTEKKWRXTPX8JAEY,https://apps.apple.com/redeem?ctx=offercodes&id=6757223698&code=HNXTEKKWRXTPX8JAEY
WYK4NA4P7WRJ8HX64F,https://apps.apple.com/redeem?ctx=offercodes&id=6757223698&code=WYK4NA4P7WRJ8HX64F
4MNFL7JYM64PYRLWEY,https://apps.apple.com/redeem?ctx=offercodes&id=6757223698&code=4MNFL7JYM64PYRLWEY
WEX4YN67MLKARJ4XLJ,https://apps.apple.com/redeem?ctx=offercodes&id=6757223698&code=WEX4YN67MLKARJ4XLJ
L4HPJLEAML37FEJM4R,https://apps.apple.com/redeem?ctx=offercodes&id=6757223698&code=L4HPJLEAML37FEJM4R
KNENELJ3HHLLMRF3P8,https://apps.apple.com/redeem?ctx=offercodes&id=6757223698&code=KNENELJ3HHLLMRF3P8
6EE87ALJXRA6MJAPEX,https://apps.apple.com/redeem?ctx=offercodes&id=6757223698&code=6EE87ALJXRA6MJAPEX
K338YTXYMXRLYTJPH6,https://apps.apple.com/redeem?ctx=offercodes&id=6757223698&code=K338YTXYMXRLYTJPH6
EWF7F7HRJPHY76JWPJ,https://apps.apple.com/redeem?ctx=offercodes&id=6757223698&code=EWF7F7HRJPHY76JWPJ
66NJ7P7RXRA8PJP436,https://apps.apple.com/redeem?ctx=offercodes&id=6757223698&code=66NJ7P7RXRA8PJP436
7HM8YY4XR48NP3RJ67,https://apps.apple.com/redeem?ctx=offercodes&id=6757223698&code=7HM8YY4XR48NP3RJ67
NTJLKY6KHKHJJE7HXW,https://apps.apple.com/redeem?ctx=offercodes&id=6757223698&code=NTJLKY6KHKHJJE7HXW
RHEFPWLKKNWFWY6RL4,https://apps.apple.com/redeem?ctx=offercodes&id=6757223698&code=RHEFPWLKKNWFWY6RL4
KE6FHHP37HX68RL46L,https://apps.apple.com/redeem?ctx=offercodes&id=6757223698&code=KE6FHHP37HX68RL46L
67WTHFFMLNYEEEF3JJ,https://apps.apple.com/redeem?ctx=offercodes&id=6757223698&code=67WTHFFMLNYEEEF3JJ
44PP8FN3X8Y6FHEEY7,https://apps.apple.com/redeem?ctx=offercodes&id=6757223698&code=44PP8FN3X8Y6FHEEY7
3PF7JLTALWRHTRT6XW,https://apps.apple.com/redeem?ctx=offercodes&id=6757223698&code=3PF7JLTALWRHTRT6XW
PH847PPRMN776KW3NW,https://apps.apple.com/redeem?ctx=offercodes&id=6757223698&code=PH847PPRMN776KW3NW
TE4TFY6YWANX6AEWL8,https://apps.apple.com/redeem?ctx=offercodes&id=6757223698&code=TE4TFY6YWANX6AEWL8
76R8EP74FJ7TFL8R8Y,https://apps.apple.com/redeem?ctx=offercodes&id=6757223698&code=76R8EP74FJ7TFL8R8Y
ARJMY687783NNTTYXF,https://apps.apple.com/redeem?ctx=offercodes&id=6757223698&code=ARJMY687783NNTTYXF
XEARRWW46WKKET87YN,https://apps.apple.com/redeem?ctx=offercodes&id=6757223698&code=XEARRWW46WKKET87YN
JFJMFNXAKFJWAFK6KX,https://apps.apple.com/redeem?ctx=offercodes&id=6757223698&code=JFJMFNXAKFJWAFK6KX
WFWPAX7RPMEMX7R3TT,https://apps.apple.com/redeem?ctx=offercodes&id=6757223698&code=WFWPAX7RPMEMX7R3TT
Y6MK6A4TWJXPY7WE78,https://apps.apple.com/redeem?ctx=offercodes&id=6757223698&code=Y6MK6A4TWJXPY7WE78
EH3HXJHTRFK6T3XKRF,https://apps.apple.com/redeem?ctx=offercodes&id=6757223698&code=EH3HXJHTRFK6T3XKRF
LPKPX6YW7WR6H4XHJR,https://apps.apple.com/redeem?ctx=offercodes&id=6757223698&code=LPKPX6YW7WR6H4XHJR
HM6LEWN8WH34TN77HE,https://apps.apple.com/redeem?ctx=offercodes&id=6757223698&code=HM6LEWN8WH34TN77HE
NXWTPMJX6KEMWPRTJA,https://apps.apple.com/redeem?ctx=offercodes&id=6757223698&code=NXWTPMJX6KEMWPRTJA
68YLK4M3W8MK6JAPHT,https://apps.apple.com/redeem?ctx=offercodes&id=6757223698&code=68YLK4M3W8MK6JAPHT
TKRXMR3TL38TL4HM4H,https://apps.apple.com/redeem?ctx=offercodes&id=6757223698&code=TKRXMR3TL38TL4HM4H
8HTW47WXWXXHK8XJFM,https://apps.apple.com/redeem?ctx=offercodes&id=6757223698&code=8HTW47WXWXXHK8XJFM
HKPLHHWFA4PMX34MYM,https://apps.apple.com/redeem?ctx=offercodes&id=6757223698&code=HKPLHHWFA4PMX34MYM
R8L36XYFX6WPEX4M37,https://apps.apple.com/redeem?ctx=offercodes&id=6757223698&code=R8L36XYFX6WPEX4M37
YEHKNHPY4KN8AY4NR8,https://apps.apple.com/redeem?ctx=offercodes&id=6757223698&code=YEHKNHPY4KN8AY4NR8
MFNTH6JPJHRTTRPA4A,https://apps.apple.com/redeem?ctx=offercodes&id=6757223698&code=MFNTH6JPJHRTTRPA4A
LNMPJNTYRH8E4YELR7,https://apps.apple.com/redeem?ctx=offercodes&id=6757223698&code=LNMPJNTYRH8E4YELR7
YPPJAHJFERXRYNL3AJ,https://apps.apple.com/redeem?ctx=offercodes&id=6757223698&code=YPPJAHJFERXRYNL3AJ
TMMPHT88887Y38RH3M,https://apps.apple.com/redeem?ctx=offercodes&id=6757223698&code=TMMPHT88887Y38RH3M
KNXNFPYXRW6TJY8HW4,https://apps.apple.com/redeem?ctx=offercodes&id=6757223698&code=KNXNFPYXRW6TJY8HW4
TNHMWAPJJ33P3A8XXJ,https://apps.apple.com/redeem?ctx=offercodes&id=6757223698&code=TNHMWAPJJ33P3A8XXJ
PYRWYRXJTRAETTEJ73,https://apps.apple.com/redeem?ctx=offercodes&id=6757223698&code=PYRWYRXJTRAETTEJ73
7M8K84Y3W38FXNP7TH,https://apps.apple.com/redeem?ctx=offercodes&id=6757223698&code=7M8K84Y3W38FXNP7TH
FFXH446RYMLTA6RR7T,https://apps.apple.com/redeem?ctx=offercodes&id=6757223698&code=FFXH446RYMLTA6RR7T
F3WJAWFLYHKFRFAA3E,https://apps.apple.com/redeem?ctx=offercodes&id=6757223698&code=F3WJAWFLYHKFRFAA3E
K74WTYKYF8KA78AYKK,https://apps.apple.com/redeem?ctx=offercodes&id=6757223698&code=K74WTYKYF8KA78AYKK
RLJTL3MP8E4LWRAHNJ,https://apps.apple.com/redeem?ctx=offercodes&id=6757223698&code=RLJTL3MP8E4LWRAHNJ
PXEK6RWPYJ6FFH7TT3,https://apps.apple.com/redeem?ctx=offercodes&id=6757223698&code=PXEK6RWPYJ6FFH7TT3
XWJ8ML8PNRH3FW468A,https://apps.apple.com/redeem?ctx=offercodes&id=6757223698&code=XWJ8ML8PNRH3FW468A
K3YR8473YT6AEYPL4F,https://apps.apple.com/redeem?ctx=offercodes&id=6757223698&code=K3YR8473YT6AEYPL4F
PXMAXL3N8WMRTA8FEM,https://apps.apple.com/redeem?ctx=offercodes&id=6757223698&code=PXMAXL3N8WMRTA8FEM
H8J74YXJRNAPJFRA3R,https://apps.apple.com/redeem?ctx=offercodes&id=6757223698&code=H8J74YXJRNAPJFRA3R
YXAFYXTXHR6LLJ8R34,https://apps.apple.com/redeem?ctx=offercodes&id=6757223698&code=YXAFYXTXHR6LLJ8R34
MJ36ATNLXAJAKTNF6L,https://apps.apple.com/redeem?ctx=offercodes&id=6757223698&code=MJ36ATNLXAJAKTNF6L
AJHJT7FHLPYA8E867T,https://apps.apple.com/redeem?ctx=offercodes&id=6757223698&code=AJHJT7FHLPYA8E867T
LJ46NAF63MHPJNAARF,https://apps.apple.com/redeem?ctx=offercodes&id=6757223698&code=LJ46NAF63MHPJNAARF
NWLAM48JFLMAKWYTHL,https://apps.apple.com/redeem?ctx=offercodes&id=6757223698&code=NWLAM48JFLMAKWYTHL
LTHHEYHLN3YRKMK7LW,https://apps.apple.com/redeem?ctx=offercodes&id=6757223698&code=LTHHEYHLN3YRKMK7LW
FFKN8JJFELXNAJP86Y,https://apps.apple.com/redeem?ctx=offercodes&id=6757223698&code=FFKN8JJFELXNAJP86Y
KEA6WA3JPE8HJYK8TK,https://apps.apple.com/redeem?ctx=offercodes&id=6757223698&code=KEA6WA3JPE8HJYK8TK
J7ET8WARFWTMH4HY6A,https://apps.apple.com/redeem?ctx=offercodes&id=6757223698&code=J7ET8WARFWTMH4HY6A
WR4PYL3KTPTXXHLMHT,https://apps.apple.com/redeem?ctx=offercodes&id=6757223698&code=WR4PYL3KTPTXXHLMHT
YJM3NKRJ848XAMXHKT,https://apps.apple.com/redeem?ctx=offercodes&id=6757223698&code=YJM3NKRJ848XAMXHKT
74J78H7YP8EJ8F6LW6,https://apps.apple.com/redeem?ctx=offercodes&id=6757223698&code=74J78H7YP8EJ8F6LW6
AYRYXLARHJHNXP4KJK,https://apps.apple.com/redeem?ctx=offercodes&id=6757223698&code=AYRYXLARHJHNXP4KJK
6NH7YH47KRHKFALT3X,https://apps.apple.com/redeem?ctx=offercodes&id=6757223698&code=6NH7YH47KRHKFALT3X
44A4E8E78XKTPAPHLH,https://apps.apple.com/redeem?ctx=offercodes&id=6757223698&code=44A4E8E78XKTPAPHLH
THR4KFTHJ4ELW67PEM,https://apps.apple.com/redeem?ctx=offercodes&id=6757223698&code=THR4KFTHJ4ELW67PEM
8JEPPJF6PKNEXPYRXH,https://apps.apple.com/redeem?ctx=offercodes&id=6757223698&code=8JEPPJF6PKNEXPYRXH
NNNPFAH677XN4M34AE,https://apps.apple.com/redeem?ctx=offercodes&id=6757223698&code=NNNPFAH677XN4M34AE
MK8FT4TL7376WKAYEW,https://apps.apple.com/redeem?ctx=offercodes&id=6757223698&code=MK8FT4TL7376WKAYEW
AXWE3L37RW4MY8WYHN,https://apps.apple.com/redeem?ctx=offercodes&id=6757223698&code=AXWE3L37RW4MY8WYHN
PEH78MMRMKNRTPLXFX,https://apps.apple.com/redeem?ctx=offercodes&id=6757223698&code=PEH78MMRMKNRTPLXFX
ENAHNETNNN3R7PJNE7,https://apps.apple.com/redeem?ctx=offercodes&id=6757223698&code=ENAHNETNNN3R7PJNE7
AW6H3T8TYYLYAAFF3T,https://apps.apple.com/redeem?ctx=offercodes&id=6757223698&code=AW6H3T8TYYLYAAFF3T
XWLT3RMNKYNP688LJT,https://apps.apple.com/redeem?ctx=offercodes&id=6757223698&code=XWLT3RMNKYNP688LJT
3KEFN6AY8KEP4EFA7X,https://apps.apple.com/redeem?ctx=offercodes&id=6757223698&code=3KEFN6AY8KEP4EFA7X
YXRL6JWFT8J3AMNEH4,https://apps.apple.com/redeem?ctx=offercodes&id=6757223698&code=YXRL6JWFT8J3AMNEH4
74RN6AYYXW3YTMTK4J,https://apps.apple.com/redeem?ctx=offercodes&id=6757223698&code=74RN6AYYXW3YTMTK4J
H7F7XK3Y6HH6JT7WMJ,https://apps.apple.com/redeem?ctx=offercodes&id=6757223698&code=H7F7XK3Y6HH6JT7WMJ
LWMXYK3YTKJRYFW43L,https://apps.apple.com/redeem?ctx=offercodes&id=6757223698&code=LWMXYK3YTKJRYFW43L
KKA44H8ETLW4Y66E67,https://apps.apple.com/redeem?ctx=offercodes&id=6757223698&code=KKA44H8ETLW4Y66E67
48FX3KFKWNLW43NFKT,https://apps.apple.com/redeem?ctx=offercodes&id=6757223698&code=48FX3KFKWNLW43NFKT
YJ6RFK4TT3N3P6A8PJ,https://apps.apple.com/redeem?ctx=offercodes&id=6757223698&code=YJ6RFK4TT3N3P6A8PJ
HLNFNKW7MFM7TAR6EW,https://apps.apple.com/redeem?ctx=offercodes&id=6757223698&code=HLNFNKW7MFM7TAR6EW
3T6XPKN4WRNXX8ELJX,https://apps.apple.com/redeem?ctx=offercodes&id=6757223698&code=3T6XPKN4WRNXX8ELJX
6AEMA4EFHAJLL6NR4N,https://apps.apple.com/redeem?ctx=offercodes&id=6757223698&code=6AEMA4EFHAJLL6NR4N
3F333AMYYXTKMLPLLJ,https://apps.apple.com/redeem?ctx=offercodes&id=6757223698&code=3F333AMYYXTKMLPLLJ
TNN4HLJTL4WEJFPYYM,https://apps.apple.com/redeem?ctx=offercodes&id=6757223698&code=TNN4HLJTL4WEJFPYYM
FAAK6XXWRYK46HP4KN,https://apps.apple.com/redeem?ctx=offercodes&id=6757223698&code=FAAK6XXWRYK46HP4KN
WHXJRPXMRNX8EAENMX,https://apps.apple.com/redeem?ctx=offercodes&id=6757223698&code=WHXJRPXMRNX8EAENMX
WF7RJWFF4R7LEK3FYA,https://apps.apple.com/redeem?ctx=offercodes&id=6757223698&code=WF7RJWFF4R7LEK3FYA
4E373E83T7JP84KYAE,https://apps.apple.com/redeem?ctx=offercodes&id=6757223698&code=4E373E83T7JP84KYAE
P38PJN7MJAY3F7RRFE,https://apps.apple.com/redeem?ctx=offercodes&id=6757223698&code=P38PJN7MJAY3F7RRFE
KEL8X637HMF4LYJ86T,https://apps.apple.com/redeem?ctx=offercodes&id=6757223698&code=KEL8X637HMF4LYJ86T
PTLKFHHRM4YT7XFJ7N,https://apps.apple.com/redeem?ctx=offercodes&id=6757223698&code=PTLKFHHRM4YT7XFJ7N
FMTX6N7MN4ENKF3NP4,https://apps.apple.com/redeem?ctx=offercodes&id=6757223698&code=FMTX6N7MN4ENKF3NP4
3WMY7M44LMXAPP3EEA,https://apps.apple.com/redeem?ctx=offercodes&id=6757223698&code=3WMY7M44LMXAPP3EEA
NJ6AH7P64AXJ3YYLTK,https://apps.apple.com/redeem?ctx=offercodes&id=6757223698&code=NJ6AH7P64AXJ3YYLTK
KTM43YW78HMK78TKH6,https://apps.apple.com/redeem?ctx=offercodes&id=6757223698&code=KTM43YW78HMK78TKH6
KL3PPH3EPTFKNWX6AN,https://apps.apple.com/redeem?ctx=offercodes&id=6757223698&code=KL3PPH3EPTFKNWX6AN
77HWXJTMWNLHNPWNEF,https://apps.apple.com/redeem?ctx=offercodes&id=6757223698&code=77HWXJTMWNLHNPWNEF
EX6AE38RXL8KR63TY4,https://apps.apple.com/redeem?ctx=offercodes&id=6757223698&code=EX6AE38RXL8KR63TY4
FH67FTY3E3YKYKYRR3,https://apps.apple.com/redeem?ctx=offercodes&id=6757223698&code=FH67FTY3E3YKYKYRR3
PTMPK4MNRTJXJWETWN,https://apps.apple.com/redeem?ctx=offercodes&id=6757223698&code=PTMPK4MNRTJXJWETWN
K874L4X7FF73FYJAMN,https://apps.apple.com/redeem?ctx=offercodes&id=6757223698&code=K874L4X7FF73FYJAMN
PYA6LJ7YHLEL8Y6Y8R,https://apps.apple.com/redeem?ctx=offercodes&id=6757223698&code=PYA6LJ7YHLEL8Y6Y8R
7RFR3KHLKT7MH6RKX3,https://apps.apple.com/redeem?ctx=offercodes&id=6757223698&code=7RFR3KHLKT7MH6RKX3
7487HENX8YXHTYWE7J,https://apps.apple.com/redeem?ctx=offercodes&id=6757223698&code=7487HENX8YXHTYWE7J
HEW6HXFPW7W4L7J8NH,https://apps.apple.com/redeem?ctx=offercodes&id=6757223698&code=HEW6HXFPW7W4L7J8NH
TET7MM3LME6X6A8TYR,https://apps.apple.com/redeem?ctx=offercodes&id=6757223698&code=TET7MM3LME6X6A8TYR
JTJMMJELTJKTL8M84A,https://apps.apple.com/redeem?ctx=offercodes&id=6757223698&code=JTJMMJELTJKTL8M84A
6FPT8FP7LYJL86TNXJ,https://apps.apple.com/redeem?ctx=offercodes&id=6757223698&code=6FPT8FP7LYJL86TNXJ
JFJN3AKJP8PLT3PNPY,https://apps.apple.com/redeem?ctx=offercodes&id=6757223698&code=JFJN3AKJP8PLT3PNPY
ENE7P4L3FLHEM6M4TL,https://apps.apple.com/redeem?ctx=offercodes&id=6757223698&code=ENE7P4L3FLHEM6M4TL
FTT8PR8XP4XTHKMKRX,https://apps.apple.com/redeem?ctx=offercodes&id=6757223698&code=FTT8PR8XP4XTHKMKRX
PA7KMFKP7JJPNKL88N,https://apps.apple.com/redeem?ctx=offercodes&id=6757223698&code=PA7KMFKP7JJPNKL88N
RKA68A6HYE3TMPL4YP,https://apps.apple.com/redeem?ctx=offercodes&id=6757223698&code=RKA68A6HYE3TMPL4YP
RMMR8NTL8P3KN386EN,https://apps.apple.com/redeem?ctx=offercodes&id=6757223698&code=RMMR8NTL8P3KN386EN
EH4RLHMPXA8W6FX6J6,https://apps.apple.com/redeem?ctx=offercodes&id=6757223698&code=EH4RLHMPXA8W6FX6J6
4N4XYY6JJ7KNHA7KLH,https://apps.apple.com/redeem?ctx=offercodes&id=6757223698&code=4N4XYY6JJ7KNHA7KLH
3367RXFFHJHJW4P4J3,https://apps.apple.com/redeem?ctx=offercodes&id=6757223698&code=3367RXFFHJHJW4P4J3
P3E7HLM3TXME773KXR,https://apps.apple.com/redeem?ctx=offercodes&id=6757223698&code=P3E7HLM3TXME773KXR
M4MMF8NTKLXN7AHEL4,https://apps.apple.com/redeem?ctx=offercodes&id=6757223698&code=M4MMF8NTKLXN7AHEL4
RRLENRTAXYAYENFHHK,https://apps.apple.com/redeem?ctx=offercodes&id=6757223698&code=RRLENRTAXYAYENFHHK
8AL6RYAK68P3FPM6KM,https://apps.apple.com/redeem?ctx=offercodes&id=6757223698&code=8AL6RYAK68P3FPM6KM
8MEEHFJJL76KYRTH3H,https://apps.apple.com/redeem?ctx=offercodes&id=6757223698&code=8MEEHFJJL76KYRTH3H
JJTPAPW3MM4NYWL6XY,https://apps.apple.com/redeem?ctx=offercodes&id=6757223698&code=JJTPAPW3MM4NYWL6XY
3M834T3E3LN4E83TEH,https://apps.apple.com/redeem?ctx=offercodes&id=6757223698&code=3M834T3E3LN4E83TEH
6YEHEL3JARMATHX4JA,https://apps.apple.com/redeem?ctx=offercodes&id=6757223698&code=6YEHEL3JARMATHX4JA
MMN8TPNNALRK836HEW,https://apps.apple.com/redeem?ctx=offercodes&id=6757223698&code=MMN8TPNNALRK836HEW
ML7P7PTTN647JLKMHL,https://apps.apple.com/redeem?ctx=offercodes&id=6757223698&code=ML7P7PTTN647JLKMHL
P3YLXTYN4MJHW3AJAT,https://apps.apple.com/redeem?ctx=offercodes&id=6757223698&code=P3YLXTYN4MJHW3AJAT
K3KMNMAMK3TW3K43RK,https://apps.apple.com/redeem?ctx=offercodes&id=6757223698&code=K3KMNMAMK3TW3K43RK
R8Y3RRXJ7KRFW6A7AF,https://apps.apple.com/redeem?ctx=offercodes&id=6757223698&code=R8Y3RRXJ7KRFW6A7AF
4LXFAKHF8FR4Y4HFXE,https://apps.apple.com/redeem?ctx=offercodes&id=6757223698&code=4LXFAKHF8FR4Y4HFXE
J8YHP743N33NJE67AA,https://apps.apple.com/redeem?ctx=offercodes&id=6757223698&code=J8YHP743N33NJE67AA
XEY3M4EHT7M3H4PAM7,https://apps.apple.com/redeem?ctx=offercodes&id=6757223698&code=XEY3M4EHT7M3H4PAM7
RKYTXYRJM4ATKYJ6HY,https://apps.apple.com/redeem?ctx=offercodes&id=6757223698&code=RKYTXYRJM4ATKYJ6HY
J73NJM6Y66WK7WYAP8,https://apps.apple.com/redeem?ctx=offercodes&id=6757223698&code=J73NJM6Y66WK7WYAP8
AEEYERATLLF77YTJR3,https://apps.apple.com/redeem?ctx=offercodes&id=6757223698&code=AEEYERATLLF77YTJR3
E4W88M63YFFWYF38PL,https://apps.apple.com/redeem?ctx=offercodes&id=6757223698&code=E4W88M63YFFWYF38PL
7N83W3KFF67HFXFAYP,https://apps.apple.com/redeem?ctx=offercodes&id=6757223698&code=7N83W3KFF67HFXFAYP
YXKAXN7F4HRXPW67LJ,https://apps.apple.com/redeem?ctx=offercodes&id=6757223698&code=YXKAXN7F4HRXPW67LJ
KK8786KT8FRWHM4N6L,https://apps.apple.com/redeem?ctx=offercodes&id=6757223698&code=KK8786KT8FRWHM4N6L
F4RY7JFW4NWEAA448R,https://apps.apple.com/redeem?ctx=offercodes&id=6757223698&code=F4RY7JFW4NWEAA448R
3HM8N4TTRXHM3M46TK,https://apps.apple.com/redeem?ctx=offercodes&id=6757223698&code=3HM8N4TTRXHM3M46TK
FHLFXJRFNJLFMPARNE,https://apps.apple.com/redeem?ctx=offercodes&id=6757223698&code=FHLFXJRFNJLFMPARNE
6XLMW3FTLA6JWF3YXF,https://apps.apple.com/redeem?ctx=offercodes&id=6757223698&code=6XLMW3FTLA6JWF3YXF
LY8K3T4AYKNHN8F3RN,https://apps.apple.com/redeem?ctx=offercodes&id=6757223698&code=LY8K3T4AYKNHN8F3RN
YHRX6EW84RNPAWENRJ,https://apps.apple.com/redeem?ctx=offercodes&id=6757223698&code=YHRX6EW84RNPAWENRJ
EKL7EKLJ6LH6NR338W,https://apps.apple.com/redeem?ctx=offercodes&id=6757223698&code=EKL7EKLJ6LH6NR338W
FNHEFEWEXWTNAW3NX4,https://apps.apple.com/redeem?ctx=offercodes&id=6757223698&code=FNHEFEWEXWTNAW3NX4
83TNTXPA8437LPP4KY,https://apps.apple.com/redeem?ctx=offercodes&id=6757223698&code=83TNTXPA8437LPP4KY
ALWFNPR7WNPWJ7K7ET,https://apps.apple.com/redeem?ctx=offercodes&id=6757223698&code=ALWFNPR7WNPWJ7K7ET
AX8PXL6HYN6LKW73X6,https://apps.apple.com/redeem?ctx=offercodes&id=6757223698&code=AX8PXL6HYN6LKW73X6
J3HWFJPHA7XPJHFRJ7,https://apps.apple.com/redeem?ctx=offercodes&id=6757223698&code=J3HWFJPHA7XPJHFRJ7
78JTWXTXPM4NMR7WHL,https://apps.apple.com/redeem?ctx=offercodes&id=6757223698&code=78JTWXTXPM4NMR7WHL
KNYTNMA6W76N64KRJM,https://apps.apple.com/redeem?ctx=offercodes&id=6757223698&code=KNYTNMA6W76N64KRJM
NJNRTFWYYAW7HTW6TT,https://apps.apple.com/redeem?ctx=offercodes&id=6757223698&code=NJNRTFWYYAW7HTW6TT
YFJ3AR4WR74EHY78NR,https://apps.apple.com/redeem?ctx=offercodes&id=6757223698&code=YFJ3AR4WR74EHY78NR
H3EANW6F7WTNRPLF7W,https://apps.apple.com/redeem?ctx=offercodes&id=6757223698&code=H3EANW6F7WTNRPLF7W
W4L6P3FHPX3HJWEX7W,https://apps.apple.com/redeem?ctx=offercodes&id=6757223698&code=W4L6P3FHPX3HJWEX7W
3KMP8MFXRJMKN6K776,https://apps.apple.com/redeem?ctx=offercodes&id=6757223698&code=3KMP8MFXRJMKN6K776
H4EARW8REH6Y4JRHFL,https://apps.apple.com/redeem?ctx=offercodes&id=6757223698&code=H4EARW8REH6Y4JRHFL
X7A86L3KR3PA8KFJF7,https://apps.apple.com/redeem?ctx=offercodes&id=6757223698&code=X7A86L3KR3PA8KFJF7
W6E3TNEPPMLXH78XJL,https://apps.apple.com/redeem?ctx=offercodes&id=6757223698&code=W6E3TNEPPMLXH78XJL
KWF48NMNHANMWTMKMP,https://apps.apple.com/redeem?ctx=offercodes&id=6757223698&code=KWF48NMNHANMWTMKMP
TMWXHX8MX6FYY73R8T,https://apps.apple.com/redeem?ctx=offercodes&id=6757223698&code=TMWXHX8MX6FYY73R8T
7NJKXNXMLFHWJ4HNAK,https://apps.apple.com/redeem?ctx=offercodes&id=6757223698&code=7NJKXNXMLFHWJ4HNAK
J4MM74FJK6PWRJA6JT,https://apps.apple.com/redeem?ctx=offercodes&id=6757223698&code=J4MM74FJK6PWRJA6JT
7HM44KMXTPA4XEMK63,https://apps.apple.com/redeem?ctx=offercodes&id=6757223698&code=7HM44KMXTPA4XEMK63
KXRFANJ3FEPJT8PAAX,https://apps.apple.com/redeem?ctx=offercodes&id=6757223698&code=KXRFANJ3FEPJT8PAAX
WFK7KEY8YJWA3JRN76,https://apps.apple.com/redeem?ctx=offercodes&id=6757223698&code=WFK7KEY8YJWA3JRN76
PXN6EYPYPRRNLEP37W,https://apps.apple.com/redeem?ctx=offercodes&id=6757223698&code=PXN6EYPYPRRNLEP37W
FX8EMYLFHHYRL78RYH,https://apps.apple.com/redeem?ctx=offercodes&id=6757223698&code=FX8EMYLFHHYRL78RYH
34FEN87NK64ALKXTYF,https://apps.apple.com/redeem?ctx=offercodes&id=6757223698&code=34FEN87NK64ALKXTYF
T3YHYP6TF7TKTE46W4,https://apps.apple.com/redeem?ctx=offercodes&id=6757223698&code=T3YHYP6TF7TKTE46W4
PNLKY4R3JAHP8FYEWY,https://apps.apple.com/redeem?ctx=offercodes&id=6757223698&code=PNLKY4R3JAHP8FYEWY
XAFXXN4R6EXEXXF4PJ,https://apps.apple.com/redeem?ctx=offercodes&id=6757223698&code=XAFXXN4R6EXEXXF4PJ
76YRXREN4848PXHJ68,https://apps.apple.com/redeem?ctx=offercodes&id=6757223698&code=76YRXREN4848PXHJ68
YEKTFMLNR3XWMH64NN,https://apps.apple.com/redeem?ctx=offercodes&id=6757223698&code=YEKTFMLNR3XWMH64NN
3TF8RKYTY74XAX8H6Y,https://apps.apple.com/redeem?ctx=offercodes&id=6757223698&code=3TF8RKYTY74XAX8H6Y
H4N3LYYXJWMXY7Y4T7,https://apps.apple.com/redeem?ctx=offercodes&id=6757223698&code=H4N3LYYXJWMXY7Y4T7
PATTNLWK48HH6NW3FJ,https://apps.apple.com/redeem?ctx=offercodes&id=6757223698&code=PATTNLWK48HH6NW3FJ
KAJNXEW66WX3FN7WPA,https://apps.apple.com/redeem?ctx=offercodes&id=6757223698&code=KAJNXEW66WX3FN7WPA
X38W8P488AJA3LTMT3,https://apps.apple.com/redeem?ctx=offercodes&id=6757223698&code=X38W8P488AJA3LTMT3
JXAJP73FKKTLLMRFWM,https://apps.apple.com/redeem?ctx=offercodes&id=6757223698&code=JXAJP73FKKTLLMRFWM
Y3H8YPAK63E6T8LMH7,https://apps.apple.com/redeem?ctx=offercodes&id=6757223698&code=Y3H8YPAK63E6T8LMH7
3YP4YPMYNWXMMNHAT4,https://apps.apple.com/redeem?ctx=offercodes&id=6757223698&code=3YP4YPMYNWXMMNHAT4
RE6JPWLNMHNEMMXEP3,https://apps.apple.com/redeem?ctx=offercodes&id=6757223698&code=RE6JPWLNMHNEMMXEP3
M8KMMAMNJ6PH3PARMW,https://apps.apple.com/redeem?ctx=offercodes&id=6757223698&code=M8KMMAMNJ6PH3PARMW
LR7A8N387WHREWFX84,https://apps.apple.com/redeem?ctx=offercodes&id=6757223698&code=LR7A8N387WHREWFX84
A3THWM688RX78HRE68,https://apps.apple.com/redeem?ctx=offercodes&id=6757223698&code=A3THWM688RX78HRE68
XPJ34JFKXHPKAFKJ3J,https://apps.apple.com/redeem?ctx=offercodes&id=6757223698&code=XPJ34JFKXHPKAFKJ3J
X636A7ENYX6WE33XAH,https://apps.apple.com/redeem?ctx=offercodes&id=6757223698&code=X636A7ENYX6WE33XAH
TH3TEX88RAYTL7FXNW,https://apps.apple.com/redeem?ctx=offercodes&id=6757223698&code=TH3TEX88RAYTL7FXNW
KNWHJ7KYTM4LT3MHRM,https://apps.apple.com/redeem?ctx=offercodes&id=6757223698&code=KNWHJ7KYTM4LT3MHRM
YRX4HLW4ARRA3PA64T,https://apps.apple.com/redeem?ctx=offercodes&id=6757223698&code=YRX4HLW4ARRA3PA64T
XW467AE3ANY8PN6FKA,https://apps.apple.com/redeem?ctx=offercodes&id=6757223698&code=XW467AE3ANY8PN6FKA
P36H637XXARF6FFML7,https://apps.apple.com/redeem?ctx=offercodes&id=6757223698&code=P36H637XXARF6FFML7
RY8YLMYRPAEFNFNKNA,https://apps.apple.com/redeem?ctx=offercodes&id=6757223698&code=RY8YLMYRPAEFNFNKNA
XN8WNT4APTYNENH8MP,https://apps.apple.com/redeem?ctx=offercodes&id=6757223698&code=XN8WNT4APTYNENH8MP
HX6E7YW78HJFF6HR74,https://apps.apple.com/redeem?ctx=offercodes&id=6757223698&code=HX6E7YW78HJFF6HR74
A68J84ALF8LTA8YKEP,https://apps.apple.com/redeem?ctx=offercodes&id=6757223698&code=A68J84ALF8LTA8YKEP
XFRNW4YFLXHTWXARW7,https://apps.apple.com/redeem?ctx=offercodes&id=6757223698&code=XFRNW4YFLXHTWXARW7
KPXJHH8LRP33388NMJ,https://apps.apple.com/redeem?ctx=offercodes&id=6757223698&code=KPXJHH8LRP33388NMJ
8JXN7TTPRKJT37P6HW,https://apps.apple.com/redeem?ctx=offercodes&id=6757223698&code=8JXN7TTPRKJT37P6HW
PPAKENF4J3W8P8A4MH,https://apps.apple.com/redeem?ctx=offercodes&id=6757223698&code=PPAKENF4J3W8P8A4MH
3744WR874PYMH3WKW7,https://apps.apple.com/redeem?ctx=offercodes&id=6757223698&code=3744WR874PYMH3WKW7
6JE6TH6TT8W3M8LMEE,https://apps.apple.com/redeem?ctx=offercodes&id=6757223698&code=6JE6TH6TT8W3M8LMEE
Y4L8XXTYF47RF44HYP,https://apps.apple.com/redeem?ctx=offercodes&id=6757223698&code=Y4L8XXTYF47RF44HYP
4HEFN67FN33FFFHFMN,https://apps.apple.com/redeem?ctx=offercodes&id=6757223698&code=4HEFN67FN33FFFHFMN
78XF7YL3NXPKPK77E8,https://apps.apple.com/redeem?ctx=offercodes&id=6757223698&code=78XF7YL3NXPKPK77E8
6RPAF7X38YKKJT6X7E,https://apps.apple.com/redeem?ctx=offercodes&id=6757223698&code=6RPAF7X38YKKJT6X7E
YPPMPLR3MAXENWFNA4,https://apps.apple.com/redeem?ctx=offercodes&id=6757223698&code=YPPMPLR3MAXENWFNA4
HL7P437T36AJKWTMYF,https://apps.apple.com/redeem?ctx=offercodes&id=6757223698&code=HL7P437T36AJKWTMYF
4JTHTNLM6WTEF8WWJX,https://apps.apple.com/redeem?ctx=offercodes&id=6757223698&code=4JTHTNLM6WTEF8WWJX
NFM3P7H83J36TF6KJP,https://apps.apple.com/redeem?ctx=offercodes&id=6757223698&code=NFM3P7H83J36TF6KJP
83KY7YEM888EM4AALJ,https://apps.apple.com/redeem?ctx=offercodes&id=6757223698&code=83KY7YEM888EM4AALJ
XJ647TJKPY68XRJLFL,https://apps.apple.com/redeem?ctx=offercodes&id=6757223698&code=XJ647TJKPY68XRJLFL
W676K4P3XYR4YFKXAT,https://apps.apple.com/redeem?ctx=offercodes&id=6757223698&code=W676K4P3XYR4YFKXAT
PF6J6P8WKFWKNAE7P7,https://apps.apple.com/redeem?ctx=offercodes&id=6757223698&code=PF6J6P8WKFWKNAE7P7
P6RHLNEYHNMTJ66JAJ,https://apps.apple.com/redeem?ctx=offercodes&id=6757223698&code=P6RHLNEYHNMTJ66JAJ
PTLYNL684AA8NNT6J8,https://apps.apple.com/redeem?ctx=offercodes&id=6757223698&code=PTLYNL684AA8NNT6J8
4WK38WP8FXN6YWXEP3,https://apps.apple.com/redeem?ctx=offercodes&id=6757223698&code=4WK38WP8FXN6YWXEP3
74NA4MKPRMN3EXKN4J,https://apps.apple.com/redeem?ctx=offercodes&id=6757223698&code=74NA4MKPRMN3EXKN4J
Y7PHNF47RTAJFJWXPF,https://apps.apple.com/redeem?ctx=offercodes&id=6757223698&code=Y7PHNF47RTAJFJWXPF
74K4TF46PE4KHP38TP,https://apps.apple.com/redeem?ctx=offercodes&id=6757223698&code=74K4TF46PE4KHP38TP
43P4XJAW4RTWKYFJLM,https://apps.apple.com/redeem?ctx=offercodes&id=6757223698&code=43P4XJAW4RTWKYFJLM
RX3MXJF6EEHNXX4LMK,https://apps.apple.com/redeem?ctx=offercodes&id=6757223698&code=RX3MXJF6EEHNXX4LMK
ENT8HFXLTP7HRA4KNJ,https://apps.apple.com/redeem?ctx=offercodes&id=6757223698&code=ENT8HFXLTP7HRA4KNJ
NLJ8FWMLHA7M346M8H,https://apps.apple.com/redeem?ctx=offercodes&id=6757223698&code=NLJ8FWMLHA7M346M8H
RFLRNAM8X86PLK6NP3,https://apps.apple.com/redeem?ctx=offercodes&id=6757223698&code=RFLRNAM8X86PLK6NP3
3Y3FHELMWMW773YWN3,https://apps.apple.com/redeem?ctx=offercodes&id=6757223698&code=3Y3FHELMWMW773YWN3
7RJ3J4JLHH4RKFKMYL,https://apps.apple.com/redeem?ctx=offercodes&id=6757223698&code=7RJ3J4JLHH4RKFKMYL
WYPHMMWE3TMK38AKN3,https://apps.apple.com/redeem?ctx=offercodes&id=6757223698&code=WYPHMMWE3TMK38AKN3
AX8RYXK8N7WNJ4NNEF,https://apps.apple.com/redeem?ctx=offercodes&id=6757223698&code=AX8RYXK8N7WNJ4NNEF
LW3KKM66LMTRTY6TX7,https://apps.apple.com/redeem?ctx=offercodes&id=6757223698&code=LW3KKM66LMTRTY6TX7
WL3MRRXTMYPW8WAMF8,https://apps.apple.com/redeem?ctx=offercodes&id=6757223698&code=WL3MRRXTMYPW8WAMF8
7P44EFFKW4TE6A6XAE,https://apps.apple.com/redeem?ctx=offercodes&id=6757223698&code=7P44EFFKW4TE6A6XAE
XK64ELET676RKEYEK6,https://apps.apple.com/redeem?ctx=offercodes&id=6757223698&code=XK64ELET676RKEYEK6
7PX8H3H4T4KT88MPWT,https://apps.apple.com/redeem?ctx=offercodes&id=6757223698&code=7PX8H3H4T4KT88MPWT
FNRYPJYRHPLRFXM4XY,https://apps.apple.com/redeem?ctx=offercodes&id=6757223698&code=FNRYPJYRHPLRFXM4XY
NJAKYXMYP7WXMYFRKP,https://apps.apple.com/redeem?ctx=offercodes&id=6757223698&code=NJAKYXMYP7WXMYFRKP
AXWH66EAYE8MHF7P3N,https://apps.apple.com/redeem?ctx=offercodes&id=6757223698&code=AXWH66EAYE8MHF7P3N
HTW36L8MP77WLN8RKE,https://apps.apple.com/redeem?ctx=offercodes&id=6757223698&code=HTW36L8MP77WLN8RKE
PN6K64PERKNK3TTJAH,https://apps.apple.com/redeem?ctx=offercodes&id=6757223698&code=PN6K64PERKNK3TTJAH
LNX33JNRHRPWAXERH7,https://apps.apple.com/redeem?ctx=offercodes&id=6757223698&code=LNX33JNRHRPWAXERH7
73MWAYYMNP3LTJ6RTT,https://apps.apple.com/redeem?ctx=offercodes&id=6757223698&code=73MWAYYMNP3LTJ6RTT
WXYAHE4KT8RX8FAK84,https://apps.apple.com/redeem?ctx=offercodes&id=6757223698&code=WXYAHE4KT8RX8FAK84
F4FFY6A8WRKHX68YXX,https://apps.apple.com/redeem?ctx=offercodes&id=6757223698&code=F4FFY6A8WRKHX68YXX
3NFAYRYXP47EA7AKH6,https://apps.apple.com/redeem?ctx=offercodes&id=6757223698&code=3NFAYRYXP47EA7AKH6
EMM6833HTRH7RMER7X,https://apps.apple.com/redeem?ctx=offercodes&id=6757223698&code=EMM6833HTRH7RMER7X
RLNHW33PY4Y8JTJKMR,https://apps.apple.com/redeem?ctx=offercodes&id=6757223698&code=RLNHW33PY4Y8JTJKMR
P6AJY7M7WMTPAE7LTK,https://apps.apple.com/redeem?ctx=offercodes&id=6757223698&code=P6AJY7M7WMTPAE7LTK
7Y67JL7W7JMYP6LHNE,https://apps.apple.com/redeem?ctx=offercodes&id=6757223698&code=7Y67JL7W7JMYP6LHNE
K7WE3MKJJJKMHKA3YN,https://apps.apple.com/redeem?ctx=offercodes&id=6757223698&code=K7WE3MKJJJKMHKA3YN
MX3K6MYPTJH4PANRT3,https://apps.apple.com/redeem?ctx=offercodes&id=6757223698&code=MX3K6MYPTJH4PANRT3
AP4YWR7Y6MX674TKFH,https://apps.apple.com/redeem?ctx=offercodes&id=6757223698&code=AP4YWR7Y6MX674TKFH
4HELFWMFRYYET8YNXY,https://apps.apple.com/redeem?ctx=offercodes&id=6757223698&code=4HELFWMFRYYET8YNXY
ATE8A8AF8NFFYJPKMF,https://apps.apple.com/redeem?ctx=offercodes&id=6757223698&code=ATE8A8AF8NFFYJPKMF
JWP3FMTYJKH4WLF3NT,https://apps.apple.com/redeem?ctx=offercodes&id=6757223698&code=JWP3FMTYJKH4WLF3NT
PMAJNWNEWXRK6TPTYP,https://apps.apple.com/redeem?ctx=offercodes&id=6757223698&code=PMAJNWNEWXRK6TPTYP
3TMJNNHKNJ83WMYAYJ,https://apps.apple.com/redeem?ctx=offercodes&id=6757223698&code=3TMJNNHKNJ83WMYAYJ
73ARJ6TMNHKAJ4J8XL,https://apps.apple.com/redeem?ctx=offercodes&id=6757223698&code=73ARJ6TMNHKAJ4J8XL
4W4LW8PNKMARLF7XMJ,https://apps.apple.com/redeem?ctx=offercodes&id=6757223698&code=4W4LW8PNKMARLF7XMJ
NWXHLHPYYA3MMRRAR8,https://apps.apple.com/redeem?ctx=offercodes&id=6757223698&code=NWXHLHPYYA3MMRRAR8
JJFRWN78JHT8R3WNW8,https://apps.apple.com/redeem?ctx=offercodes&id=6757223698&code=JJFRWN78JHT8R3WNW8
N84N7LJ6FXLXPRWNYR,https://apps.apple.com/redeem?ctx=offercodes&id=6757223698&code=N84N7LJ6FXLXPRWNYR
4NPXML8JH678PXFJ8F,https://apps.apple.com/redeem?ctx=offercodes&id=6757223698&code=4NPXML8JH678PXFJ8F
HWTREXAFFPF7X4JFM3,https://apps.apple.com/redeem?ctx=offercodes&id=6757223698&code=HWTREXAFFPF7X4JFM3
LRF7PNP6JHEHPM3YMJ,https://apps.apple.com/redeem?ctx=offercodes&id=6757223698&code=LRF7PNP6JHEHPM3YMJ
W4J7RNJYWNMM63M8H6,https://apps.apple.com/redeem?ctx=offercodes&id=6757223698&code=W4J7RNJYWNMM63M8H6
HWEK8J474MRM4NKKYX,https://apps.apple.com/redeem?ctx=offercodes&id=6757223698&code=HWEK8J474MRM4NKKYX
3ANN8NR8TETX8AYW4J,https://apps.apple.com/redeem?ctx=offercodes&id=6757223698&code=3ANN8NR8TETX8AYW4J
W6TFAYFEYLYEFRY3JJ,https://apps.apple.com/redeem?ctx=offercodes&id=6757223698&code=W6TFAYFEYLYEFRY3JJ
7XPTFHNNMR3RWWXJX7,https://apps.apple.com/redeem?ctx=offercodes&id=6757223698&code=7XPTFHNNMR3RWWXJX7
PMYLA86E36AK8P7AT6,https://apps.apple.com/redeem?ctx=offercodes&id=6757223698&code=PMYLA86E36AK8P7AT6
EMKNR8HM8RPLFEKJ3Y,https://apps.apple.com/redeem?ctx=offercodes&id=6757223698&code=EMKNR8HM8RPLFEKJ3Y
48YRLHR6H8A63J46H7,https://apps.apple.com/redeem?ctx=offercodes&id=6757223698&code=48YRLHR6H8A63J46H7
NPJ34WTE4JR4R6YET3,https://apps.apple.com/redeem?ctx=offercodes&id=6757223698&code=NPJ34WTE4JR4R6YET3
TRFN7YR6Y87JMHNRXE,https://apps.apple.com/redeem?ctx=offercodes&id=6757223698&code=TRFN7YR6Y87JMHNRXE
J3FFNME684W6RHKXEM,https://apps.apple.com/redeem?ctx=offercodes&id=6757223698&code=J3FFNME684W6RHKXEM
MYK7PXPEP48AAX8LJ4,https://apps.apple.com/redeem?ctx=offercodes&id=6757223698&code=MYK7PXPEP48AAX8LJ4
8ANFWE37KMFEN4K6MA,https://apps.apple.com/redeem?ctx=offercodes&id=6757223698&code=8ANFWE37KMFEN4K6MA
TENAWEMP6NEJMYN63J,https://apps.apple.com/redeem?ctx=offercodes&id=6757223698&code=TENAWEMP6NEJMYN63J
MEPFKPY4KFNMKA76W8,https://apps.apple.com/redeem?ctx=offercodes&id=6757223698&code=MEPFKPY4KFNMKA76W8
JK3JXK3M7TKLT4NNRK,https://apps.apple.com/redeem?ctx=offercodes&id=6757223698&code=JK3JXK3M7TKLT4NNRK
P33JHHHNXJ8RERTHW3,https://apps.apple.com/redeem?ctx=offercodes&id=6757223698&code=P33JHHHNXJ8RERTHW3
EN3J4T4HWAA47W4XY7,https://apps.apple.com/redeem?ctx=offercodes&id=6757223698&code=EN3J4T4HWAA47W4XY7
NYRKWFL7HPYRRAXEK8,https://apps.apple.com/redeem?ctx=offercodes&id=6757223698&code=NYRKWFL7HPYRRAXEK8
WAW63MF8RFA6HA4XF3,https://apps.apple.com/redeem?ctx=offercodes&id=6757223698&code=WAW63MF8RFA6HA4XF3
HWLKJW8F33WN87TMTK,https://apps.apple.com/redeem?ctx=offercodes&id=6757223698&code=HWLKJW8F33WN87TMTK
KTTW36M6666TP38AWY,https://apps.apple.com/redeem?ctx=offercodes&id=6757223698&code=KTTW36M6666TP38AWY
AFWXA8WE8LT7LJRTWK,https://apps.apple.com/redeem?ctx=offercodes&id=6757223698&code=AFWXA8WE8LT7LJRTWK
ATT3AF6KYRHH4PHP4P,https://apps.apple.com/redeem?ctx=offercodes&id=6757223698&code=ATT3AF6KYRHH4PHP4P
LPY6JTY84NYNMMNJWX,https://apps.apple.com/redeem?ctx=offercodes&id=6757223698&code=LPY6JTY84NYNMMNJWX
TRHHWWNNA36JJWEF8J,https://apps.apple.com/redeem?ctx=offercodes&id=6757223698&code=TRHHWWNNA36JJWEF8J
KYJAMA47MF36MRWA36,https://apps.apple.com/redeem?ctx=offercodes&id=6757223698&code=KYJAMA47MF36MRWA36
488THRH3JJRHPMFLL7,https://apps.apple.com/redeem?ctx=offercodes&id=6757223698&code=488THRH3JJRHPMFLL7
ELTKTXM7T7EL74P4KP,https://apps.apple.com/redeem?ctx=offercodes&id=6757223698&code=ELTKTXM7T7EL74P4KP
MPNNL7RN88MP3KNJX8,https://apps.apple.com/redeem?ctx=offercodes&id=6757223698&code=MPNNL7RN88MP3KNJX8
3JLMH47K6YE7EK6NJH,https://apps.apple.com/redeem?ctx=offercodes&id=6757223698&code=3JLMH47K6YE7EK6NJH
KMR8RX73NEPA6RYLKW,https://apps.apple.com/redeem?ctx=offercodes&id=6757223698&code=KMR8RX73NEPA6RYLKW
WP87J66WAF8HM4L6WJ,https://apps.apple.com/redeem?ctx=offercodes&id=6757223698&code=WP87J66WAF8HM4L6WJ
N4Y8K36RH64KTLHHJ3,https://apps.apple.com/redeem?ctx=offercodes&id=6757223698&code=N4Y8K36RH64KTLHHJ3
W78R8766EYNYY7HT4W,https://apps.apple.com/redeem?ctx=offercodes&id=6757223698&code=W78R8766EYNYY7HT4W
AEEELTL8L3ER7WTAAR,https://apps.apple.com/redeem?ctx=offercodes&id=6757223698&code=AEEELTL8L3ER7WTAAR
HN68MN7E4TRPNTNM6Y,https://apps.apple.com/redeem?ctx=offercodes&id=6757223698&code=HN68MN7E4TRPNTNM6Y
Y3KATEM7EWXWXHPA7M,https://apps.apple.com/redeem?ctx=offercodes&id=6757223698&code=Y3KATEM7EWXWXHPA7M
XY8RMMHWLLJF4J8WTH,https://apps.apple.com/redeem?ctx=offercodes&id=6757223698&code=XY8RMMHWLLJF4J8WTH
A8JF3XLM84YNJ86LT4,https://apps.apple.com/redeem?ctx=offercodes&id=6757223698&code=A8JF3XLM84YNJ86LT4
8TAK3KKN8J4LFLY8N6,https://apps.apple.com/redeem?ctx=offercodes&id=6757223698&code=8TAK3KKN8J4LFLY8N6
4H8NWEEF46WWRTMNE6,https://apps.apple.com/redeem?ctx=offercodes&id=6757223698&code=4H8NWEEF46WWRTMNE6
6NYJFHTP76F6JENMLJ,https://apps.apple.com/redeem?ctx=offercodes&id=6757223698&code=6NYJFHTP76F6JENMLJ
MAA43WJRLY7FWPRKFW,https://apps.apple.com/redeem?ctx=offercodes&id=6757223698&code=MAA43WJRLY7FWPRKFW
KEMRF4MJ7FM8FN77PM,https://apps.apple.com/redeem?ctx=offercodes&id=6757223698&code=KEMRF4MJ7FM8FN77PM
M3FLAHKKRHMT3WHMKK,https://apps.apple.com/redeem?ctx=offercodes&id=6757223698&code=M3FLAHKKRHMT3WHMKK
JK3XHHPAPNKE888WLJ,https://apps.apple.com/redeem?ctx=offercodes&id=6757223698&code=JK3XHHPAPNKE888WLJ
6XJJ8XKLYERMEEPE7M,https://apps.apple.com/redeem?ctx=offercodes&id=6757223698&code=6XJJ8XKLYERMEEPE7M
NL86RYNRAFEHMKF4MJ,https://apps.apple.com/redeem?ctx=offercodes&id=6757223698&code=NL86RYNRAFEHMKF4MJ
AANXJNR6XNHK3XFLTX,https://apps.apple.com/redeem?ctx=offercodes&id=6757223698&code=AANXJNR6XNHK3XFLTX
83FKLNME7MEF4PYA4L,https://apps.apple.com/redeem?ctx=offercodes&id=6757223698&code=83FKLNME7MEF4PYA4L
ETTNKP3WEN488W8EY6,https://apps.apple.com/redeem?ctx=offercodes&id=6757223698&code=ETTNKP3WEN488W8EY6
WLTHTPY4R8JTTEJER8,https://apps.apple.com/redeem?ctx=offercodes&id=6757223698&code=WLTHTPY4R8JTTEJER8
M3WYWWEKF68664RLAW,https://apps.apple.com/redeem?ctx=offercodes&id=6757223698&code=M3WYWWEKF68664RLAW
WXH6368EEJMKPAK4EX,https://apps.apple.com/redeem?ctx=offercodes&id=6757223698&code=WXH6368EEJMKPAK4EX
3MWKFEJNWMFFAEPKMX,https://apps.apple.com/redeem?ctx=offercodes&id=6757223698&code=3MWKFEJNWMFFAEPKMX
AR3K44R3TFH7KMLW7M,https://apps.apple.com/redeem?ctx=offercodes&id=6757223698&code=AR3K44R3TFH7KMLW7M
884YLFAHFMKRRFNY3W,https://apps.apple.com/redeem?ctx=offercodes&id=6757223698&code=884YLFAHFMKRRFNY3W
RFRTT73KNEN3TPNRYY,https://apps.apple.com/redeem?ctx=offercodes&id=6757223698&code=RFRTT73KNEN3TPNRYY
4YKF6YXNLFHXRJPKL7,https://apps.apple.com/redeem?ctx=offercodes&id=6757223698&code=4YKF6YXNLFHXRJPKL7
7A3P6AREFE3YLEPF8X,https://apps.apple.com/redeem?ctx=offercodes&id=6757223698&code=7A3P6AREFE3YLEPF8X
HFTA7NA7HW6XPWYPLT,https://apps.apple.com/redeem?ctx=offercodes&id=6757223698&code=HFTA7NA7HW6XPWYPLT
8L3FNWHAM6HAYWMAKK,https://apps.apple.com/redeem?ctx=offercodes&id=6757223698&code=8L3FNWHAM6HAYWMAKK
68MWRNPPAKNWXJL86X,https://apps.apple.com/redeem?ctx=offercodes&id=6757223698&code=68MWRNPPAKNWXJL86X
RX3FK7T4MJMFKRMAN7,https://apps.apple.com/redeem?ctx=offercodes&id=6757223698&code=RX3FK7T4MJMFKRMAN7
NPLT77P46A3PMW6AMN,https://apps.apple.com/redeem?ctx=offercodes&id=6757223698&code=NPLT77P46A3PMW6AMN
KLNM7TTWWW7A8N4E7E,https://apps.apple.com/redeem?ctx=offercodes&id=6757223698&code=KLNM7TTWWW7A8N4E7E
T7JLTA88YJY6X7366N,https://apps.apple.com/redeem?ctx=offercodes&id=6757223698&code=T7JLTA88YJY6X7366N
JFK4R8MLE3P3EMNEXP,https://apps.apple.com/redeem?ctx=offercodes&id=6757223698&code=JFK4R8MLE3P3EMNEXP
NWJH7FR4AKTFFMKHTK,https://apps.apple.com/redeem?ctx=offercodes&id=6757223698&code=NWJH7FR4AKTFFMKHTK
TARP7AEE7ATLKLLNNF,https://apps.apple.com/redeem?ctx=offercodes&id=6757223698&code=TARP7AEE7ATLKLLNNF
T8KAPEANXRA7WMALE4,https://apps.apple.com/redeem?ctx=offercodes&id=6757223698&code=T8KAPEANXRA7WMALE4
JM7FA8F8XYKTAXA43M,https://apps.apple.com/redeem?ctx=offercodes&id=6757223698&code=JM7FA8F8XYKTAXA43M
N4XA7M6EWENHJWEYP8,https://apps.apple.com/redeem?ctx=offercodes&id=6757223698&code=N4XA7M6EWENHJWEYP8
6PFJE4P6JAM7E868K8,https://apps.apple.com/redeem?ctx=offercodes&id=6757223698&code=6PFJE4P6JAM7E868K8
8J3LJN7NY6WYWYXWLA,https://apps.apple.com/redeem?ctx=offercodes&id=6757223698&code=8J3LJN7NY6WYWYXWLA
NRHNHP7HLAJT3MJ6JT,https://apps.apple.com/redeem?ctx=offercodes&id=6757223698&code=NRHNHP7HLAJT3MJ6JT
AYW36XMERHM46EK3XM,https://apps.apple.com/redeem?ctx=offercodes&id=6757223698&code=AYW36XMERHM46EK3XM
NKEHMX784E37M43RE6,https://apps.apple.com/redeem?ctx=offercodes&id=6757223698&code=NKEHMX784E37M43RE6
A337F3JKMNRYKKWY64,https://apps.apple.com/redeem?ctx=offercodes&id=6757223698&code=A337F3JKMNRYKKWY64
3MP3HKPJJAJJ8N48AF,https://apps.apple.com/redeem?ctx=offercodes&id=6757223698&code=3MP3HKPJJAJJ8N48AF
NTJKWYNAYH774A84FH,https://apps.apple.com/redeem?ctx=offercodes&id=6757223698&code=NTJKWYNAYH774A84FH
NXWNA3FMJ8WJMY78XE,https://apps.apple.com/redeem?ctx=offercodes&id=6757223698&code=NXWNA3FMJ8WJMY78XE
W6R8RKW63NLJMX3JPK,https://apps.apple.com/redeem?ctx=offercodes&id=6757223698&code=W6R8RKW63NLJMX3JPK
6EWWPNFKLHLLPY8JNK,https://apps.apple.com/redeem?ctx=offercodes&id=6757223698&code=6EWWPNFKLHLLPY8JNK
TKLY3L6HR3TXP8AWLY,https://apps.apple.com/redeem?ctx=offercodes&id=6757223698&code=TKLY3L6HR3TXP8AWLY
XT67NWYFEWJ7XF46M6,https://apps.apple.com/redeem?ctx=offercodes&id=6757223698&code=XT67NWYFEWJ7XF46M6
A3TN7FAAAHL6NHJRX7,https://apps.apple.com/redeem?ctx=offercodes&id=6757223698&code=A3TN7FAAAHL6NHJRX7
MJL3TX3XFKFR86TJWY,https://apps.apple.com/redeem?ctx=offercodes&id=6757223698&code=MJL3TX3XFKFR86TJWY
RHMLWM7W8AFMRMPPYM,https://apps.apple.com/redeem?ctx=offercodes&id=6757223698&code=RHMLWM7W8AFMRMPPYM
XX66YAHPKHHMLKM7FA,https://apps.apple.com/redeem?ctx=offercodes&id=6757223698&code=XX66YAHPKHHMLKM7FA
MP6KF8A7J3HEFKH7P3,https://apps.apple.com/redeem?ctx=offercodes&id=6757223698&code=MP6KF8A7J3HEFKH7P3
FPM73ARPMN468THMXH,https://apps.apple.com/redeem?ctx=offercodes&id=6757223698&code=FPM73ARPMN468THMXH
PYPN4Y4H8W8HHXPXPY,https://apps.apple.com/redeem?ctx=offercodes&id=6757223698&code=PYPN4Y4H8W8HHXPXPY
8FFFRYPHAPPYPPPMLW,https://apps.apple.com/redeem?ctx=offercodes&id=6757223698&code=8FFFRYPHAPPYPPPMLW
AW4H6FR8AY8HENFF37,https://apps.apple.com/redeem?ctx=offercodes&id=6757223698&code=AW4H6FR8AY8HENFF37
7KX847YXYAKY368P6R,https://apps.apple.com/redeem?ctx=offercodes&id=6757223698&code=7KX847YXYAKY368P6R
K8TYH6FMNRKEFT4KPE,https://apps.apple.com/redeem?ctx=offercodes&id=6757223698&code=K8TYH6FMNRKEFT4KPE
AKJXRAW3XPKFFRL3RN,https://apps.apple.com/redeem?ctx=offercodes&id=6757223698&code=AKJXRAW3XPKFFRL3RN
W4MW7L6EANRYY7FRLY,https://apps.apple.com/redeem?ctx=offercodes&id=6757223698&code=W4MW7L6EANRYY7FRLY
KTALFNKLP4WAEL6YLE,https://apps.apple.com/redeem?ctx=offercodes&id=6757223698&code=KTALFNKLP4WAEL6YLE
4K3ARFKNFNNW3FARJ7,https://apps.apple.com/redeem?ctx=offercodes&id=6757223698&code=4K3ARFKNFNNW3FARJ7
WNKPWM673E8Y4478N6,https://apps.apple.com/redeem?ctx=offercodes&id=6757223698&code=WNKPWM673E8Y4478N6
FLNYKH7TAKKEWXLP3E,https://apps.apple.com/redeem?ctx=offercodes&id=6757223698&code=FLNYKH7TAKKEWXLP3E
HMRWRE6R6HFTF8EN7T,https://apps.apple.com/redeem?ctx=offercodes&id=6757223698&code=HMRWRE6R6HFTF8EN7T
Y77JJNYJATXAYPKFPL,https://apps.apple.com/redeem?ctx=offercodes&id=6757223698&code=Y77JJNYJATXAYPKFPL
R6M4JPRAMJ6MNEFT4J,https://apps.apple.com/redeem?ctx=offercodes&id=6757223698&code=R6M4JPRAMJ6MNEFT4J
L367FMANW3FHJE4RFN,https://apps.apple.com/redeem?ctx=offercodes&id=6757223698&code=L367FMANW3FHJE4RFN
REHKAX6F7JMYH7F4PL,https://apps.apple.com/redeem?ctx=offercodes&id=6757223698&code=REHKAX6F7JMYH7F4PL
HAEK3WTANMXWX4P4PH,https://apps.apple.com/redeem?ctx=offercodes&id=6757223698&code=HAEK3WTANMXWX4P4PH
MPXTXRXN34PJPLFA47,https://apps.apple.com/redeem?ctx=offercodes&id=6757223698&code=MPXTXRXN34PJPLFA47
WPL8LF373T7ALTYFKX,https://apps.apple.com/redeem?ctx=offercodes&id=6757223698&code=WPL8LF373T7ALTYFKX
6TKNR8RRLAY7RWEJAX,https://apps.apple.com/redeem?ctx=offercodes&id=6757223698&code=6TKNR8RRLAY7RWEJAX
FXNPENNFX8MPRH3WFJ,https://apps.apple.com/redeem?ctx=offercodes&id=6757223698&code=FXNPENNFX8MPRH3WFJ
JMPPF6LJYPX3WY7EL7,https://apps.apple.com/redeem?ctx=offercodes&id=6757223698&code=JMPPF6LJYPX3WY7EL7
MWT48JAYH83HML3WNN,https://apps.apple.com/redeem?ctx=offercodes&id=6757223698&code=MWT48JAYH83HML3WNN
XNXYH884MF7RJYJXXY,https://apps.apple.com/redeem?ctx=offercodes&id=6757223698&code=XNXYH884MF7RJYJXXY
438R3LEJF6EME7TF8X,https://apps.apple.com/redeem?ctx=offercodes&id=6757223698&code=438R3LEJF6EME7TF8X
HR63J7FE7LAF383PPL,https://apps.apple.com/redeem?ctx=offercodes&id=6757223698&code=HR63J7FE7LAF383PPL
HTW464KN3MTY48883L,https://apps.apple.com/redeem?ctx=offercodes&id=6757223698&code=HTW464KN3MTY48883L
LM7Y7MRFEWAF38KLNT,https://apps.apple.com/redeem?ctx=offercodes&id=6757223698&code=LM7Y7MRFEWAF38KLNT
EHJRNHLJWWEWW4AA8X,https://apps.apple.com/redeem?ctx=offercodes&id=6757223698&code=EHJRNHLJWWEWW4AA8X
PWLR3NH83E4AMMYNX7,https://apps.apple.com/redeem?ctx=offercodes&id=6757223698&code=PWLR3NH83E4AMMYNX7
PMJM78NFLKTHNL74WA,https://apps.apple.com/redeem?ctx=offercodes&id=6757223698&code=PMJM78NFLKTHNL74WA
PRHXL4YEPP8R4JTML8,https://apps.apple.com/redeem?ctx=offercodes&id=6757223698&code=PRHXL4YEPP8R4JTML8
F3M3YR47EEARLPHY84,https://apps.apple.com/redeem?ctx=offercodes&id=6757223698&code=F3M3YR47EEARLPHY84
X387L4T66E7YPHKWMP,https://apps.apple.com/redeem?ctx=offercodes&id=6757223698&code=X387L4T66E7YPHKWMP
788NTYE3XAWWMWKAHA,https://apps.apple.com/redeem?ctx=offercodes&id=6757223698&code=788NTYE3XAWWMWKAHA
FAKNPR887AN7EFTEJ7,https://apps.apple.com/redeem?ctx=offercodes&id=6757223698&code=FAKNPR887AN7EFTEJ7
33JPPARYKWRFXFPK8P,https://apps.apple.com/redeem?ctx=offercodes&id=6757223698&code=33JPPARYKWRFXFPK8P
AH4HXM64AY8F6XLNFE,https://apps.apple.com/redeem?ctx=offercodes&id=6757223698&code=AH4HXM64AY8F6XLNFE
LT4JMJF734NR64NL4P,https://apps.apple.com/redeem?ctx=offercodes&id=6757223698&code=LT4JMJF734NR64NL4P
33YK66FM4PY43EFL7P,https://apps.apple.com/redeem?ctx=offercodes&id=6757223698&code=33YK66FM4PY43EFL7P
W4RKYPN4H3EWWAMEXJ,https://apps.apple.com/redeem?ctx=offercodes&id=6757223698&code=W4RKYPN4H3EWWAMEXJ
6R73XXTAN7MH8PXRKF,https://apps.apple.com/redeem?ctx=offercodes&id=6757223698&code=6R73XXTAN7MH8PXRKF
MFKMKAW37TLEE8WHHH,https://apps.apple.com/redeem?ctx=offercodes&id=6757223698&code=MFKMKAW37TLEE8WHHH
A7HTRFNEKLAN4RPYYL,https://apps.apple.com/redeem?ctx=offercodes&id=6757223698&code=A7HTRFNEKLAN4RPYYL
T8WM4RKEJEPH34EHJM,https://apps.apple.com/redeem?ctx=offercodes&id=6757223698&code=T8WM4RKEJEPH34EHJM
4RJAM78TN7MXEN8WYL,https://apps.apple.com/redeem?ctx=offercodes&id=6757223698&code=4RJAM78TN7MXEN8WYL
KXYYMKFKLER6YPE3KX,https://apps.apple.com/redeem?ctx=offercodes&id=6757223698&code=KXYYMKFKLER6YPE3KX
FJRX4RFP67THRXF3YX,https://apps.apple.com/redeem?ctx=offercodes&id=6757223698&code=FJRX4RFP67THRXF3YX
4TK6H4Y84PYRYXW4TM,https://apps.apple.com/redeem?ctx=offercodes&id=6757223698&code=4TK6H4Y84PYRYXW4TM
RE3E38RY338PH8YN8R,https://apps.apple.com/redeem?ctx=offercodes&id=6757223698&code=RE3E38RY338PH8YN8R
83RHNWL3E6YWLNLHPE,https://apps.apple.com/redeem?ctx=offercodes&id=6757223698&code=83RHNWL3E6YWLNLHPE
3ETJMXPPNWNXY6PFFJ,https://apps.apple.com/redeem?ctx=offercodes&id=6757223698&code=3ETJMXPPNWNXY6PFFJ
LM76FXW6TPMFPRNXY7,https://apps.apple.com/redeem?ctx=offercodes&id=6757223698&code=LM76FXW6TPMFPRNXY7
8ALW6N3MMXMAH63WLT,https://apps.apple.com/redeem?ctx=offercodes&id=6757223698&code=8ALW6N3MMXMAH63WLT
8RT4ATTRPLYJA888RF,https://apps.apple.com/redeem?ctx=offercodes&id=6757223698&code=8RT4ATTRPLYJA888RF
R87EPEPAMYFKPPXFRY,https://apps.apple.com/redeem?ctx=offercodes&id=6757223698&code=R87EPEPAMYFKPPXFRY
4PFWR4FAR4LH7MFHPH,https://apps.apple.com/redeem?ctx=offercodes&id=6757223698&code=4PFWR4FAR4LH7MFHPH
7AFW748LA7XLHWN637,https://apps.apple.com/redeem?ctx=offercodes&id=6757223698&code=7AFW748LA7XLHWN637
KPTNR3A3FK4RLJYML3,https://apps.apple.com/redeem?ctx=offercodes&id=6757223698&code=KPTNR3A3FK4RLJYML3
PKTHATL3K3JFEX7KKX,https://apps.apple.com/redeem?ctx=offercodes&id=6757223698&code=PKTHATL3K3JFEX7KKX
4LEL6W7RLP7RY673PA,https://apps.apple.com/redeem?ctx=offercodes&id=6757223698&code=4LEL6W7RLP7RY673PA
3FHL4L87JY8KXNNW3M,https://apps.apple.com/redeem?ctx=offercodes&id=6757223698&code=3FHL4L87JY8KXNNW3M
6NWPHWRF6YAMRLAJYA,https://apps.apple.com/redeem?ctx=offercodes&id=6757223698&code=6NWPHWRF6YAMRLAJYA
P8RY4F3H7A6RXPNAP4,https://apps.apple.com/redeem?ctx=offercodes&id=6757223698&code=P8RY4F3H7A6RXPNAP4
J8XK3YE3RTTMLNA7PP,https://apps.apple.com/redeem?ctx=offercodes&id=6757223698&code=J8XK3YE3RTTMLNA7PP
KK6PNL3RHP3HYJEE44,https://apps.apple.com/redeem?ctx=offercodes&id=6757223698&code=KK6PNL3RHP3HYJEE44
EL4RAWWHNT3467WKJN,https://apps.apple.com/redeem?ctx=offercodes&id=6757223698&code=EL4RAWWHNT3467WKJN
KA87N8WARPP74MJMLR,https://apps.apple.com/redeem?ctx=offercodes&id=6757223698&code=KA87N8WARPP74MJMLR
LRY7EHMA7HRT88YKKX,https://apps.apple.com/redeem?ctx=offercodes&id=6757223698&code=LRY7EHMA7HRT88YKKX
KWWL33AWRJ7KRLN7X4,https://apps.apple.com/redeem?ctx=offercodes&id=6757223698&code=KWWL33AWRJ7KRLN7X4
3AX4WWT64PJP6M6FXX,https://apps.apple.com/redeem?ctx=offercodes&id=6757223698&code=3AX4WWT64PJP6M6FXX
KXWHKYLKH6W7WK6R7L,https://apps.apple.com/redeem?ctx=offercodes&id=6757223698&code=KXWHKYLKH6W7WK6R7L
YJRJEWJHPXTN4N3YEN,https://apps.apple.com/redeem?ctx=offercodes&id=6757223698&code=YJRJEWJHPXTN4N3YEN
3LTPMJJYWNJHTFHHAK,https://apps.apple.com/redeem?ctx=offercodes&id=6757223698&code=3LTPMJJYWNJHTFHHAK
H37HELXNMJL7TT6P4E,https://apps.apple.com/redeem?ctx=offercodes&id=6757223698&code=H37HELXNMJL7TT6P4E
NJXXYHW86E8JJPEHF6,https://apps.apple.com/redeem?ctx=offercodes&id=6757223698&code=NJXXYHW86E8JJPEHF6
ARN4PRMXKRERRFWY83,https://apps.apple.com/redeem?ctx=offercodes&id=6757223698&code=ARN4PRMXKRERRFWY83
J7AKM3FYTN3EFNAE7P,https://apps.apple.com/redeem?ctx=offercodes&id=6757223698&code=J7AKM3FYTN3EFNAE7P
WY44KP3JEP7H6JNYFF,https://apps.apple.com/redeem?ctx=offercodes&id=6757223698&code=WY44KP3JEP7H6JNYFF
8AY334W6MK6JLFEJ36,https://apps.apple.com/redeem?ctx=offercodes&id=6757223698&code=8AY334W6MK6JLFEJ36
FH838NYKK4JKE36K6M,https://apps.apple.com/redeem?ctx=offercodes&id=6757223698&code=FH838NYKK4JKE36K6M
WMNTMLWJAWHYXKH4MR,https://apps.apple.com/redeem?ctx=offercodes&id=6757223698&code=WMNTMLWJAWHYXKH4MR
YJEWETNXLTAFRAT6X8,https://apps.apple.com/redeem?ctx=offercodes&id=6757223698&code=YJEWETNXLTAFRAT6X8
L8PH36AE6RMHPHAM7Y,https://apps.apple.com/redeem?ctx=offercodes&id=6757223698&code=L8PH36AE6RMHPHAM7Y
NRM6HNWP6PR87JXR6T,https://apps.apple.com/redeem?ctx=offercodes&id=6757223698&code=NRM6HNWP6PR87JXR6T
MJXKT386RNTY8ENAKF,https://apps.apple.com/redeem?ctx=offercodes&id=6757223698&code=MJXKT386RNTY8ENAKF
4RMHLWFA7NAFF7XEYW,https://apps.apple.com/redeem?ctx=offercodes&id=6757223698&code=4RMHLWFA7NAFF7XEYW
MM3J6PEJKFXTJY8878,https://apps.apple.com/redeem?ctx=offercodes&id=6757223698&code=MM3J6PEJKFXTJY8878
TWFWW74H37HY64JHK8,https://apps.apple.com/redeem?ctx=offercodes&id=6757223698&code=TWFWW74H37HY64JHK8
A3XAEF8ME466F36YYT,https://apps.apple.com/redeem?ctx=offercodes&id=6757223698&code=A3XAEF8ME466F36YYT
WNLYAFYKNNLP4JRAF3,https://apps.apple.com/redeem?ctx=offercodes&id=6757223698&code=WNLYAFYKNNLP4JRAF3
6KF8P3HY3AALW6TYX4,https://apps.apple.com/redeem?ctx=offercodes&id=6757223698&code=6KF8P3HY3AALW6TYX4
MHM88NMLRMFM3483F4,https://apps.apple.com/redeem?ctx=offercodes&id=6757223698&code=MHM88NMLRMFM3483F4
WNPX4RHTJHEWXN6MFT,https://apps.apple.com/redeem?ctx=offercodes&id=6757223698&code=WNPX4RHTJHEWXN6MFT
JP68LAPXY7XPE6FN7H,https://apps.apple.com/redeem?ctx=offercodes&id=6757223698&code=JP68LAPXY7XPE6FN7H
P667RMK34RPWWX7RE4,https://apps.apple.com/redeem?ctx=offercodes&id=6757223698&code=P667RMK34RPWWX7RE4
X6AMRHPA36XHRE4JTW,https://apps.apple.com/redeem?ctx=offercodes&id=6757223698&code=X6AMRHPA36XHRE4JTW
K8Y84RRF48LY7HYP8L,https://apps.apple.com/redeem?ctx=offercodes&id=6757223698&code=K8Y84RRF48LY7HYP8L
84MM3PF38WHFW86RLE,https://apps.apple.com/redeem?ctx=offercodes&id=6757223698&code=84MM3PF38WHFW86RLE
HWWTTHHJA3TF67WFMY,https://apps.apple.com/redeem?ctx=offercodes&id=6757223698&code=HWWTTHHJA3TF67WFMY
JKEL8XHJTY4FMANKEW,https://apps.apple.com/redeem?ctx=offercodes&id=6757223698&code=JKEL8XHJTY4FMANKEW
Y8R3XHML7NFPYR4LTE,https://apps.apple.com/redeem?ctx=offercodes&id=6757223698&code=Y8R3XHML7NFPYR4LTE
46PJLYNNWKKPTT84FN,https://apps.apple.com/redeem?ctx=offercodes&id=6757223698&code=46PJLYNNWKKPTT84FN
74FAL3YY83PR6LLMH7,https://apps.apple.com/redeem?ctx=offercodes&id=6757223698&code=74FAL3YY83PR6LLMH7
