--> UNGARN PODCASTER 01.06.2026 -->4AYAF3XNKMN8NR84WH,https://apps.apple.com/redeem?ctx=offercodes&id=6757223698&code=4AYAF3XNKMN8NR84WH
--> MATS SUPPORTER 01.06.2026 --> 33WFAL763N83JPK3NX,https://apps.apple.com/redeem?ctx=offercodes&id=6757223698&code=33WFAL763N83JPK3NX
--> KENT 17.06.2026 --> 8N3MJLYMTNAW3T64LA,https://apps.apple.com/redeem?ctx=offercodes&id=6757223698&code=8N3MJLYMTNAW3T64LA
J8RW4HWN77HRTP6TAX,https://apps.apple.com/redeem?ctx=offercodes&id=6757223698&code=J8RW4HWN77HRTP6TAX
EHNTNTNP3PP8JXXK8N,https://apps.apple.com/redeem?ctx=offercodes&id=6757223698&code=EHNTNTNP3PP8JXXK8N
ARK3XMA8PXA7RTFJY3,https://apps.apple.com/redeem?ctx=offercodes&id=6757223698&code=ARK3XMA8PXA7RTFJY3
P6TPY78XEK67YPWRYM,https://apps.apple.com/redeem?ctx=offercodes&id=6757223698&code=P6TPY78XEK67YPWRYM
LRFTKM4XXMTTJLNLLE,https://apps.apple.com/redeem?ctx=offercodes&id=6757223698&code=LRFTKM4XXMTTJLNLLE
8XELJWJ3A3FTR4ANH4,https://apps.apple.com/redeem?ctx=offercodes&id=6757223698&code=8XELJWJ3A3FTR4ANH4
HLTFJJKW6K3N4KWPMH,https://apps.apple.com/redeem?ctx=offercodes&id=6757223698&code=HLTFJJKW6K3N4KWPMH
4HRMLF4RNK86MXXWLX,https://apps.apple.com/redeem?ctx=offercodes&id=6757223698&code=4HRMLF4RNK86MXXWLX
P7YHMLHYM874X7LFNA,https://apps.apple.com/redeem?ctx=offercodes&id=6757223698&code=P7YHMLHYM874X7LFNA
J7RY7PWTFEW3RYX3JP,https://apps.apple.com/redeem?ctx=offercodes&id=6757223698&code=J7RY7PWTFEW3RYX3JP
AJE7TW6KF4NHNJ7WN6,https://apps.apple.com/redeem?ctx=offercodes&id=6757223698&code=AJE7TW6KF4NHNJ7WN6
A44F7HKX8RK4AJ4LEY,https://apps.apple.com/redeem?ctx=offercodes&id=6757223698&code=A44F7HKX8RK4AJ4LEY
6RWLLM4TNKLP7LAFYF,https://apps.apple.com/redeem?ctx=offercodes&id=6757223698&code=6RWLLM4TNKLP7LAFYF
M7K66FH7HPMEPMPFFP,https://apps.apple.com/redeem?ctx=offercodes&id=6757223698&code=M7K66FH7HPMEPMPFFP
TKLMMRLR77HNM47NTM,https://apps.apple.com/redeem?ctx=offercodes&id=6757223698&code=TKLMMRLR77HNM47NTM
FM6EHYA73XF77F7LYR,https://apps.apple.com/redeem?ctx=offercodes&id=6757223698&code=FM6EHYA73XF77F7LYR
7A6FJHPRK4KTEXWMPJ,https://apps.apple.com/redeem?ctx=offercodes&id=6757223698&code=7A6FJHPRK4KTEXWMPJ
YATKNTR483EE68W6T8,https://apps.apple.com/redeem?ctx=offercodes&id=6757223698&code=YATKNTR483EE68W6T8
X8TLRJEFTNAX748EAY,https://apps.apple.com/redeem?ctx=offercodes&id=6757223698&code=X8TLRJEFTNAX748EAY
W86AWREYA6R7T3HPEW,https://apps.apple.com/redeem?ctx=offercodes&id=6757223698&code=W86AWREYA6R7T3HPEW
YPMEH8XY746WFXYTFN,https://apps.apple.com/redeem?ctx=offercodes&id=6757223698&code=YPMEH8XY746WFXYTFN
3336JTERJY8AANNTPK,https://apps.apple.com/redeem?ctx=offercodes&id=6757223698&code=3336JTERJY8AANNTPK
8W8LATF737HP7WE6WT,https://apps.apple.com/redeem?ctx=offercodes&id=6757223698&code=8W8LATF737HP7WE6WT
LPLA3KPT3RWHKX44JM,https://apps.apple.com/redeem?ctx=offercodes&id=6757223698&code=LPLA3KPT3RWHKX44JM
AFWP6PR4PEP4K6KAXT,https://apps.apple.com/redeem?ctx=offercodes&id=6757223698&code=AFWP6PR4PEP4K6KAXT
8FF6368NHEH3ETW4NJ,https://apps.apple.com/redeem?ctx=offercodes&id=6757223698&code=8FF6368NHEH3ETW4NJ
JWLK6PH6MHKAT4KJNR,https://apps.apple.com/redeem?ctx=offercodes&id=6757223698&code=JWLK6PH6MHKAT4KJNR
TRNLWY8YHXEF3XE7TH,https://apps.apple.com/redeem?ctx=offercodes&id=6757223698&code=TRNLWY8YHXEF3XE7TH
486M3N4FEA6J7TFNHH,https://apps.apple.com/redeem?ctx=offercodes&id=6757223698&code=486M3N4FEA6J7TFNHH
PTHYMJFK6T46YJW63W,https://apps.apple.com/redeem?ctx=offercodes&id=6757223698&code=PTHYMJFK6T46YJW63W
34PAN7PKX4YEL88WPJ,https://apps.apple.com/redeem?ctx=offercodes&id=6757223698&code=34PAN7PKX4YEL88WPJ
6JAYA4EKRKTPJ4YX4W,https://apps.apple.com/redeem?ctx=offercodes&id=6757223698&code=6JAYA4EKRKTPJ4YX4W
AF6NXPY7368M86KTJ4,https://apps.apple.com/redeem?ctx=offercodes&id=6757223698&code=AF6NXPY7368M86KTJ4
7NKAH7NA6LLKXYXFWL,https://apps.apple.com/redeem?ctx=offercodes&id=6757223698&code=7NKAH7NA6LLKXYXFWL
A7EPK8WYYEFKH4EJLH,https://apps.apple.com/redeem?ctx=offercodes&id=6757223698&code=A7EPK8WYYEFKH4EJLH
FWW88HXNJEAJR8FY3L,https://apps.apple.com/redeem?ctx=offercodes&id=6757223698&code=FWW88HXNJEAJR8FY3L
687JEXNH3JWEJ47EP4,https://apps.apple.com/redeem?ctx=offercodes&id=6757223698&code=687JEXNH3JWEJ47EP4
KMXH7NKR6KNLTF73KK,https://apps.apple.com/redeem?ctx=offercodes&id=6757223698&code=KMXH7NKR6KNLTF73KK
YJE3KM68X74HE883EE,https://apps.apple.com/redeem?ctx=offercodes&id=6757223698&code=YJE3KM68X74HE883EE
NHM4XY66YRR8HNFY73,https://apps.apple.com/redeem?ctx=offercodes&id=6757223698&code=NHM4XY66YRR8HNFY73
KXHX6YTT6PR4JLR6XH,https://apps.apple.com/redeem?ctx=offercodes&id=6757223698&code=KXHX6YTT6PR4JLR6XH
EEE3FXF6MPL4A33J3M,https://apps.apple.com/redeem?ctx=offercodes&id=6757223698&code=EEE3FXF6MPL4A33J3M
HTP63R8RTWM3FEW7PH,https://apps.apple.com/redeem?ctx=offercodes&id=6757223698&code=HTP63R8RTWM3FEW7PH
R4EHYMR74P6XJXEA8X,https://apps.apple.com/redeem?ctx=offercodes&id=6757223698&code=R4EHYMR74P6XJXEA8X
JPT4LKLJ3LTXEFP78L,https://apps.apple.com/redeem?ctx=offercodes&id=6757223698&code=JPT4LKLJ3LTXEFP78L
XK8EKF87XWW6YAAT7K,https://apps.apple.com/redeem?ctx=offercodes&id=6757223698&code=XK8EKF87XWW6YAAT7K
HH7YHPNJP7KXPFM66F,https://apps.apple.com/redeem?ctx=offercodes&id=6757223698&code=HH7YHPNJP7KXPFM66F
EMPL7FP3J3E47J63NY,https://apps.apple.com/redeem?ctx=offercodes&id=6757223698&code=EMPL7FP3J3E47J63NY
PK6K8K4JA4F4XMAKMJ,https://apps.apple.com/redeem?ctx=offercodes&id=6757223698&code=PK6K8K4JA4F4XMAKMJ
RX3JK48P6HW887XKMR,https://apps.apple.com/redeem?ctx=offercodes&id=6757223698&code=RX3JK48P6HW887XKMR
AH8YK63N3H3LNAXJHH,https://apps.apple.com/redeem?ctx=offercodes&id=6757223698&code=AH8YK63N3H3LNAXJHH
AWJ6L3ML38YAHJ68RL,https://apps.apple.com/redeem?ctx=offercodes&id=6757223698&code=AWJ6L3ML38YAHJ68RL
JP3AMY4EWTLAFKA3JT,https://apps.apple.com/redeem?ctx=offercodes&id=6757223698&code=JP3AMY4EWTLAFKA3JT
P4N6RMNEN7FWEEXTWP,https://apps.apple.com/redeem?ctx=offercodes&id=6757223698&code=P4N6RMNEN7FWEEXTWP
RAY8K4LJP78AR3HYPA,https://apps.apple.com/redeem?ctx=offercodes&id=6757223698&code=RAY8K4LJP78AR3HYPA
3R8JNHKR86JJEN76XM,https://apps.apple.com/redeem?ctx=offercodes&id=6757223698&code=3R8JNHKR86JJEN76XM
Y4WKNFK3YH6FWPX4TJ,https://apps.apple.com/redeem?ctx=offercodes&id=6757223698&code=Y4WKNFK3YH6FWPX4TJ
KL8LKLXAW78FPKX8NP,https://apps.apple.com/redeem?ctx=offercodes&id=6757223698&code=KL8LKLXAW78FPKX8NP
R3WLERXAMNX7JEALEP,https://apps.apple.com/redeem?ctx=offercodes&id=6757223698&code=R3WLERXAMNX7JEALEP
8MM3WJYLR8HPT8RJA3,https://apps.apple.com/redeem?ctx=offercodes&id=6757223698&code=8MM3WJYLR8HPT8RJA3
48E6TE8YKPENEXXXRH,https://apps.apple.com/redeem?ctx=offercodes&id=6757223698&code=48E6TE8YKPENEXXXRH
MA3YYTPHHMJFJ634RA,https://apps.apple.com/redeem?ctx=offercodes&id=6757223698&code=MA3YYTPHHMJFJ634RA
NERKX7KEPYYJ4LXJ33,https://apps.apple.com/redeem?ctx=offercodes&id=6757223698&code=NERKX7KEPYYJ4LXJ33
PWXAKEAHYRN77MPF6Y,https://apps.apple.com/redeem?ctx=offercodes&id=6757223698&code=PWXAKEAHYRN77MPF6Y
XETHHNTW8EWXTY8M7J,https://apps.apple.com/redeem?ctx=offercodes&id=6757223698&code=XETHHNTW8EWXTY8M7J
K4LT8KFAFYJ8PWR34N,https://apps.apple.com/redeem?ctx=offercodes&id=6757223698&code=K4LT8KFAFYJ8PWR34N
N4MEKEHNK4W38RTKL8,https://apps.apple.com/redeem?ctx=offercodes&id=6757223698&code=N4MEKEHNK4W38RTKL8
8TAHWMTNRMWKF6444P,https://apps.apple.com/redeem?ctx=offercodes&id=6757223698&code=8TAHWMTNRMWKF6444P
6LN7A4364EHMEW7REE,https://apps.apple.com/redeem?ctx=offercodes&id=6757223698&code=6LN7A4364EHMEW7REE
MKNJJ7A7FXE8344638,https://apps.apple.com/redeem?ctx=offercodes&id=6757223698&code=MKNJJ7A7FXE8344638
3W48T3NFFNHPWX6HP7,https://apps.apple.com/redeem?ctx=offercodes&id=6757223698&code=3W48T3NFFNHPWX6HP7
W7KWAKF88K7W777NAF,https://apps.apple.com/redeem?ctx=offercodes&id=6757223698&code=W7KWAKF88K7W777NAF
YYNPF3HM7FTAXY6HP4,https://apps.apple.com/redeem?ctx=offercodes&id=6757223698&code=YYNPF3HM7FTAXY6HP4
N6KMRRXR4RWTW34PHW,https://apps.apple.com/redeem?ctx=offercodes&id=6757223698&code=N6KMRRXR4RWTW34PHW
P83TFXAK8A68KPAX3L,https://apps.apple.com/redeem?ctx=offercodes&id=6757223698&code=P83TFXAK8A68KPAX3L
6AN6YKL4YMLRHT3R4A,https://apps.apple.com/redeem?ctx=offercodes&id=6757223698&code=6AN6YKL4YMLRHT3R4A
YANLEHKYXNHYWEPH6N,https://apps.apple.com/redeem?ctx=offercodes&id=6757223698&code=YANLEHKYXNHYWEPH6N
XFYRWJYPAKKPNPPH6T,https://apps.apple.com/redeem?ctx=offercodes&id=6757223698&code=XFYRWJYPAKKPNPPH6T
YF4KHMHANATFR8R8K4,https://apps.apple.com/redeem?ctx=offercodes&id=6757223698&code=YF4KHMHANATFR8R8K4
RWPR7RPHAM8F4RMP4J,https://apps.apple.com/redeem?ctx=offercodes&id=6757223698&code=RWPR7RPHAM8F4RMP4J
MEPREWMMMX8N8HE7M8,https://apps.apple.com/redeem?ctx=offercodes&id=6757223698&code=MEPREWMMMX8N8HE7M8
NNAYWRX3RAJ8RKYYH3,https://apps.apple.com/redeem?ctx=offercodes&id=6757223698&code=NNAYWRX3RAJ8RKYYH3
TPFJWJNYW3KRW6JJAH,https://apps.apple.com/redeem?ctx=offercodes&id=6757223698&code=TPFJWJNYW3KRW6JJAH
8KNLMLRXT6PXNXA6T4,https://apps.apple.com/redeem?ctx=offercodes&id=6757223698&code=8KNLMLRXT6PXNXA6T4
FXFNRWK44FLT6FFY83,https://apps.apple.com/redeem?ctx=offercodes&id=6757223698&code=FXFNRWK44FLT6FFY83
4ERR4N3EWYJW4RWKEF,https://apps.apple.com/redeem?ctx=offercodes&id=6757223698&code=4ERR4N3EWYJW4RWKEF
NM67TJ73AYLFPAYEMW,https://apps.apple.com/redeem?ctx=offercodes&id=6757223698&code=NM67TJ73AYLFPAYEMW
7AHR47A3NPTTMMHM6P,https://apps.apple.com/redeem?ctx=offercodes&id=6757223698&code=7AHR47A3NPTTMMHM6P
PKRPY3AAHJ7LXTMTHX,https://apps.apple.com/redeem?ctx=offercodes&id=6757223698&code=PKRPY3AAHJ7LXTMTHX
FALT6K3MTXR8467RA7,https://apps.apple.com/redeem?ctx=offercodes&id=6757223698&code=FALT6K3MTXR8467RA7
NT6YTYYNPTMPXRX6RE,https://apps.apple.com/redeem?ctx=offercodes&id=6757223698&code=NT6YTYYNPTMPXRX6RE
FPT6FA46PMEJTHHK8W,https://apps.apple.com/redeem?ctx=offercodes&id=6757223698&code=FPT6FA46PMEJTHHK8W
4E3FJ44WELNPMJ8T4H,https://apps.apple.com/redeem?ctx=offercodes&id=6757223698&code=4E3FJ44WELNPMJ8T4H
MMY434WHTYE3KL7N3W,https://apps.apple.com/redeem?ctx=offercodes&id=6757223698&code=MMY434WHTYE3KL7N3W
NRTRAMNTFWAAYJ6WEF,https://apps.apple.com/redeem?ctx=offercodes&id=6757223698&code=NRTRAMNTFWAAYJ6WEF
WJNXYM7HWPKRFRNPEE,https://apps.apple.com/redeem?ctx=offercodes&id=6757223698&code=WJNXYM7HWPKRFRNPEE
P37YLPPJ4WW6L6K7FX,https://apps.apple.com/redeem?ctx=offercodes&id=6757223698&code=P37YLPPJ4WW6L6K7FX
YJMRKEWMFNNEPPFNE7,https://apps.apple.com/redeem?ctx=offercodes&id=6757223698&code=YJMRKEWMFNNEPPFNE7
F3P4FFE83M6WFTMFYM,https://apps.apple.com/redeem?ctx=offercodes&id=6757223698&code=F3P4FFE83M6WFTMFYM
H7EJE3LF3W6NRRJ63X,https://apps.apple.com/redeem?ctx=offercodes&id=6757223698&code=H7EJE3LF3W6NRRJ63X
3PM4WAERFXEANAMPX6,https://apps.apple.com/redeem?ctx=offercodes&id=6757223698&code=3PM4WAERFXEANAMPX6
WXN8WPFHAK48NAHM3L,https://apps.apple.com/redeem?ctx=offercodes&id=6757223698&code=WXN8WPFHAK48NAHM3L
8MEE3KJEPTL6XFRP3P,https://apps.apple.com/redeem?ctx=offercodes&id=6757223698&code=8MEE3KJEPTL6XFRP3P
HE6XLH86RKRXLRT7NL,https://apps.apple.com/redeem?ctx=offercodes&id=6757223698&code=HE6XLH86RKRXLRT7NL
N4RHHPPLP83JR4A3K6,https://apps.apple.com/redeem?ctx=offercodes&id=6757223698&code=N4RHHPPLP83JR4A3K6
K868PXA8T4Y6Y4TYF8,https://apps.apple.com/redeem?ctx=offercodes&id=6757223698&code=K868PXA8T4Y6Y4TYF8
AJJMM4FNJH7JWHLWFJ,https://apps.apple.com/redeem?ctx=offercodes&id=6757223698&code=AJJMM4FNJH7JWHLWFJ
XAY8KLAYMWFAJ73NT3,https://apps.apple.com/redeem?ctx=offercodes&id=6757223698&code=XAY8KLAYMWFAJ73NT3
TLXA6X3R76F3XXFM3Y,https://apps.apple.com/redeem?ctx=offercodes&id=6757223698&code=TLXA6X3R76F3XXFM3Y
LE4E3EPY4RR7PRFJ8N,https://apps.apple.com/redeem?ctx=offercodes&id=6757223698&code=LE4E3EPY4RR7PRFJ8N
6P6MML6RFKKLEKJPAY,https://apps.apple.com/redeem?ctx=offercodes&id=6757223698&code=6P6MML6RFKKLEKJPAY
74PWF66FMHY7NW8NEF,https://apps.apple.com/redeem?ctx=offercodes&id=6757223698&code=74PWF66FMHY7NW8NEF
6ENALAWHK6P4MEWNFL,https://apps.apple.com/redeem?ctx=offercodes&id=6757223698&code=6ENALAWHK6P4MEWNFL
WNLHXKLWH8T63LJJJJ,https://apps.apple.com/redeem?ctx=offercodes&id=6757223698&code=WNLHXKLWH8T63LJJJJ
PPL46NR7W7YMPFHMNN,https://apps.apple.com/redeem?ctx=offercodes&id=6757223698&code=PPL46NR7W7YMPFHMNN
8LYAJXMM7MX4YLH8HY,https://apps.apple.com/redeem?ctx=offercodes&id=6757223698&code=8LYAJXMM7MX4YLH8HY
MYXAJ7JJ8NW7KXA74H,https://apps.apple.com/redeem?ctx=offercodes&id=6757223698&code=MYXAJ7JJ8NW7KXA74H
7NTT4X3YN68WLAFFRJ,https://apps.apple.com/redeem?ctx=offercodes&id=6757223698&code=7NTT4X3YN68WLAFFRJ
NFKAYPRMMRX43NM47T,https://apps.apple.com/redeem?ctx=offercodes&id=6757223698&code=NFKAYPRMMRX43NM47T
7XFX3W3AM7XETA3NAL,https://apps.apple.com/redeem?ctx=offercodes&id=6757223698&code=7XFX3W3AM7XETA3NAL
MXF74WN8YLHXML4LF4,https://apps.apple.com/redeem?ctx=offercodes&id=6757223698&code=MXF74WN8YLHXML4LF4
HPFHYLEHT3W4RRRLWR,https://apps.apple.com/redeem?ctx=offercodes&id=6757223698&code=HPFHYLEHT3W4RRRLWR
YHEFHP4HLEFRFPTNTW,https://apps.apple.com/redeem?ctx=offercodes&id=6757223698&code=YHEFHP4HLEFRFPTNTW
ER3WEYELPMAW8AFYYN,https://apps.apple.com/redeem?ctx=offercodes&id=6757223698&code=ER3WEYELPMAW8AFYYN
F4EM6FY3FN7Y3P6PJE,https://apps.apple.com/redeem?ctx=offercodes&id=6757223698&code=F4EM6FY3FN7Y3P6PJE
46MK4L6Y48PFN6YK6L,https://apps.apple.com/redeem?ctx=offercodes&id=6757223698&code=46MK4L6Y48PFN6YK6L
RMH7AA84NR7W3JHEAE,https://apps.apple.com/redeem?ctx=offercodes&id=6757223698&code=RMH7AA84NR7W3JHEAE
N4TWNXWAKPPMXH4Y64,https://apps.apple.com/redeem?ctx=offercodes&id=6757223698&code=N4TWNXWAKPPMXH4Y64
MWFK8FHEERXKHAK6EJ,https://apps.apple.com/redeem?ctx=offercodes&id=6757223698&code=MWFK8FHEERXKHAK6EJ
84MEWAL6TPM7ELPJNF,https://apps.apple.com/redeem?ctx=offercodes&id=6757223698&code=84MEWAL6TPM7ELPJNF
33RANW8PMAXNN7YX8P,https://apps.apple.com/redeem?ctx=offercodes&id=6757223698&code=33RANW8PMAXNN7YX8P
PTXPTN6EXYN46LYFF7,https://apps.apple.com/redeem?ctx=offercodes&id=6757223698&code=PTXPTN6EXYN46LYFF7
38HKHWAARFP8NNXEJJ,https://apps.apple.com/redeem?ctx=offercodes&id=6757223698&code=38HKHWAARFP8NNXEJJ
A6W64TYMKRYT346PER,https://apps.apple.com/redeem?ctx=offercodes&id=6757223698&code=A6W64TYMKRYT346PER
LKR64R4XWH4JEYRHHR,https://apps.apple.com/redeem?ctx=offercodes&id=6757223698&code=LKR64R4XWH4JEYRHHR
7J7RRFE8KRAFL34EPX,https://apps.apple.com/redeem?ctx=offercodes&id=6757223698&code=7J7RRFE8KRAFL34EPX
NXNFHNHPW7NMHAEP3L,https://apps.apple.com/redeem?ctx=offercodes&id=6757223698&code=NXNFHNHPW7NMHAEP3L
8F6R47PNYJHREYANPX,https://apps.apple.com/redeem?ctx=offercodes&id=6757223698&code=8F6R47PNYJHREYANPX
8P338XML8JWJYKJH7M,https://apps.apple.com/redeem?ctx=offercodes&id=6757223698&code=8P338XML8JWJYKJH7M
8MLENM78XWPHTHPPHW,https://apps.apple.com/redeem?ctx=offercodes&id=6757223698&code=8MLENM78XWPHTHPPHW
R6RTXFLXF7JTX3MAX3,https://apps.apple.com/redeem?ctx=offercodes&id=6757223698&code=R6RTXFLXF7JTX3MAX3
ANELTYH4LMJ4J3JT8X,https://apps.apple.com/redeem?ctx=offercodes&id=6757223698&code=ANELTYH4LMJ4J3JT8X
7X8JWFJH4PA3HA8446,https://apps.apple.com/redeem?ctx=offercodes&id=6757223698&code=7X8JWFJH4PA3HA8446
TMH3NTLPF6PTEM8P83,https://apps.apple.com/redeem?ctx=offercodes&id=6757223698&code=TMH3NTLPF6PTEM8P83
F46367WJ8TWP7LW7LP,https://apps.apple.com/redeem?ctx=offercodes&id=6757223698&code=F46367WJ8TWP7LW7LP
3LXYRR468TJTPT8A3T,https://apps.apple.com/redeem?ctx=offercodes&id=6757223698&code=3LXYRR468TJTPT8A3T
67XEN73R7RH6LKMMWJ,https://apps.apple.com/redeem?ctx=offercodes&id=6757223698&code=67XEN73R7RH6LKMMWJ
RLR7X6FLP64ETFHRE6,https://apps.apple.com/redeem?ctx=offercodes&id=6757223698&code=RLR7X6FLP64ETFHRE6
RJTFXLW8FR843AEX3W,https://apps.apple.com/redeem?ctx=offercodes&id=6757223698&code=RJTFXLW8FR843AEX3W
P7FN7JFFMFYF4MYNFR,https://apps.apple.com/redeem?ctx=offercodes&id=6757223698&code=P7FN7JFFMFYF4MYNFR
XHTJRJHYML337HWLJT,https://apps.apple.com/redeem?ctx=offercodes&id=6757223698&code=XHTJRJHYML337HWLJT
AJ46AFLPYXN63FM7RX,https://apps.apple.com/redeem?ctx=offercodes&id=6757223698&code=AJ46AFLPYXN63FM7RX
WF3YXA3ALKE4P8FHW7,https://apps.apple.com/redeem?ctx=offercodes&id=6757223698&code=WF3YXA3ALKE4P8FHW7
N4AFXKTXMWMAPNN6FW,https://apps.apple.com/redeem?ctx=offercodes&id=6757223698&code=N4AFXKTXMWMAPNN6FW
LRLH8MFELFF4MTJNW8,https://apps.apple.com/redeem?ctx=offercodes&id=6757223698&code=LRLH8MFELFF4MTJNW8
ATMEFHNMHP7PNMKMN7,https://apps.apple.com/redeem?ctx=offercodes&id=6757223698&code=ATMEFHNMHP7PNMKMN7
EFTEJJ8PMMFRAFRPXJ,https://apps.apple.com/redeem?ctx=offercodes&id=6757223698&code=EFTEJJ8PMMFRAFRPXJ
3TA3RR6XXAXH7634M6,https://apps.apple.com/redeem?ctx=offercodes&id=6757223698&code=3TA3RR6XXAXH7634M6
K8JL44M37LA78EYRL8,https://apps.apple.com/redeem?ctx=offercodes&id=6757223698&code=K8JL44M37LA78EYRL8
TYYK48A6ETY8HEH7FM,https://apps.apple.com/redeem?ctx=offercodes&id=6757223698&code=TYYK48A6ETY8HEH7FM
TWN7JPFFLEWWPWKEWL,https://apps.apple.com/redeem?ctx=offercodes&id=6757223698&code=TWN7JPFFLEWWPWKEWL
F3KTEL7R384AYFL84E,https://apps.apple.com/redeem?ctx=offercodes&id=6757223698&code=F3KTEL7R384AYFL84E
J776TTY3TTX6KAWJHX,https://apps.apple.com/redeem?ctx=offercodes&id=6757223698&code=J776TTY3TTX6KAWJHX
K7KR6FE3AJN3YLJ3AF,https://apps.apple.com/redeem?ctx=offercodes&id=6757223698&code=K7KR6FE3AJN3YLJ3AF
LRKN7AXNTMR6MH6JMY,https://apps.apple.com/redeem?ctx=offercodes&id=6757223698&code=LRKN7AXNTMR6MH6JMY
YAEFPLHN8ERHKNE7LR,https://apps.apple.com/redeem?ctx=offercodes&id=6757223698&code=YAEFPLHN8ERHKNE7LR
FNHJNENRTMY43HM7M8,https://apps.apple.com/redeem?ctx=offercodes&id=6757223698&code=FNHJNENRTMY43HM7M8
XF6H3FXYH8XTMH486F,https://apps.apple.com/redeem?ctx=offercodes&id=6757223698&code=XF6H3FXYH8XTMH486F
KF4JRRN7JXXFLLMFM6,https://apps.apple.com/redeem?ctx=offercodes&id=6757223698&code=KF4JRRN7JXXFLLMFM6
64HMTHY3XR8REAWR78,https://apps.apple.com/redeem?ctx=offercodes&id=6757223698&code=64HMTHY3XR8REAWR78
EFX4TFJ6HXTA4J4MTJ,https://apps.apple.com/redeem?ctx=offercodes&id=6757223698&code=EFX4TFJ6HXTA4J4MTJ
LLY3RXMTY8NERLJLXP,https://apps.apple.com/redeem?ctx=offercodes&id=6757223698&code=LLY3RXMTY8NERLJLXP
JYX6X86FN8XJY4LMNE,https://apps.apple.com/redeem?ctx=offercodes&id=6757223698&code=JYX6X86FN8XJY4LMNE
WNAYYM4XXEAKHJWTKN,https://apps.apple.com/redeem?ctx=offercodes&id=6757223698&code=WNAYYM4XXEAKHJWTKN
38PHM37KE88PLNJ74L,https://apps.apple.com/redeem?ctx=offercodes&id=6757223698&code=38PHM37KE88PLNJ74L
NLT64KEP3LWEK87TEF,https://apps.apple.com/redeem?ctx=offercodes&id=6757223698&code=NLT64KEP3LWEK87TEF
H3LAWRAH3MFHNFAKYW,https://apps.apple.com/redeem?ctx=offercodes&id=6757223698&code=H3LAWRAH3MFHNFAKYW
7JFLRRL3AAY6PTYR6A,https://apps.apple.com/redeem?ctx=offercodes&id=6757223698&code=7JFLRRL3AAY6PTYR6A
XM7Y73FMPLKYNKKXLY,https://apps.apple.com/redeem?ctx=offercodes&id=6757223698&code=XM7Y73FMPLKYNKKXLY
EK44MMPY6NE6Y7FY7Y,https://apps.apple.com/redeem?ctx=offercodes&id=6757223698&code=EK44MMPY6NE6Y7FY7Y
JANF3TARAXY6ER7M8W,https://apps.apple.com/redeem?ctx=offercodes&id=6757223698&code=JANF3TARAXY6ER7M8W
LREKLH78FRTXHXYLX8,https://apps.apple.com/redeem?ctx=offercodes&id=6757223698&code=LREKLH78FRTXHXYLX8
T6JX7ME3LE3HEEP38R,https://apps.apple.com/redeem?ctx=offercodes&id=6757223698&code=T6JX7ME3LE3HEEP38R
T7E4J4PMEM3LJ4W3LK,https://apps.apple.com/redeem?ctx=offercodes&id=6757223698&code=T7E4J4PMEM3LJ4W3LK
N6THRNKAHKXFK76YR4,https://apps.apple.com/redeem?ctx=offercodes&id=6757223698&code=N6THRNKAHKXFK76YR4
JRWAAKW3NYK8JPAJH3,https://apps.apple.com/redeem?ctx=offercodes&id=6757223698&code=JRWAAKW3NYK8JPAJH3
PXRKEWX36AAEKLHNWY,https://apps.apple.com/redeem?ctx=offercodes&id=6757223698&code=PXRKEWX36AAEKLHNWY
3MYXLNRHJKPA7ALHAW,https://apps.apple.com/redeem?ctx=offercodes&id=6757223698&code=3MYXLNRHJKPA7ALHAW
TTRH4TR6K3HPY7RLX3,https://apps.apple.com/redeem?ctx=offercodes&id=6757223698&code=TTRH4TR6K3HPY7RLX3
AYYWF86FL7HJNNAA8P,https://apps.apple.com/redeem?ctx=offercodes&id=6757223698&code=AYYWF86FL7HJNNAA8P
KJPMY7F68NHT8ERNPJ,https://apps.apple.com/redeem?ctx=offercodes&id=6757223698&code=KJPMY7F68NHT8ERNPJ
J7TX7N77JLLR74K66Y,https://apps.apple.com/redeem?ctx=offercodes&id=6757223698&code=J7TX7N77JLLR74K66Y
R7N7PFPM3K6TRPHLEM,https://apps.apple.com/redeem?ctx=offercodes&id=6757223698&code=R7N7PFPM3K6TRPHLEM
HTKYEKYA77HRM8J3K3,https://apps.apple.com/redeem?ctx=offercodes&id=6757223698&code=HTKYEKYA77HRM8J3K3
AAFXEK6Y4RXRWN8WWE,https://apps.apple.com/redeem?ctx=offercodes&id=6757223698&code=AAFXEK6Y4RXRWN8WWE
YJ6TLPP63AH68RX4F7,https://apps.apple.com/redeem?ctx=offercodes&id=6757223698&code=YJ6TLPP63AH68RX4F7
KRLPYJM8J8ETATHYAX,https://apps.apple.com/redeem?ctx=offercodes&id=6757223698&code=KRLPYJM8J8ETATHYAX
MMPEXH4PM4X4EXXJRL,https://apps.apple.com/redeem?ctx=offercodes&id=6757223698&code=MMPEXH4PM4X4EXXJRL
PXFJRFRMNAL48AL88H,https://apps.apple.com/redeem?ctx=offercodes&id=6757223698&code=PXFJRFRMNAL48AL88H
PJFJPLWFLLFFF4YRJX,https://apps.apple.com/redeem?ctx=offercodes&id=6757223698&code=PJFJPLWFLLFFF4YRJX
AAPF48TTY77K76ATHN,https://apps.apple.com/redeem?ctx=offercodes&id=6757223698&code=AAPF48TTY77K76ATHN
JNWLYWK634JPNJ68J8,https://apps.apple.com/redeem?ctx=offercodes&id=6757223698&code=JNWLYWK634JPNJ68J8
3KAP6HLF7F3ERNT4RR,https://apps.apple.com/redeem?ctx=offercodes&id=6757223698&code=3KAP6HLF7F3ERNT4RR
MHRALMWA6JE8R7AHFW,https://apps.apple.com/redeem?ctx=offercodes&id=6757223698&code=MHRALMWA6JE8R7AHFW
NA3FX63RH86L4YMLPY,https://apps.apple.com/redeem?ctx=offercodes&id=6757223698&code=NA3FX63RH86L4YMLPY
8YJETT4TTMK887KXRH,https://apps.apple.com/redeem?ctx=offercodes&id=6757223698&code=8YJETT4TTMK887KXRH
WHRPKFR6E4PE8MKXTN,https://apps.apple.com/redeem?ctx=offercodes&id=6757223698&code=WHRPKFR6E4PE8MKXTN
P63AWH6LTW8EFJYEY6,https://apps.apple.com/redeem?ctx=offercodes&id=6757223698&code=P63AWH6LTW8EFJYEY6
K4KTW3MEK67MLRYKJ6,https://apps.apple.com/redeem?ctx=offercodes&id=6757223698&code=K4KTW3MEK67MLRYKJ6
7LJ37K3AHMJ4X6NHKT,https://apps.apple.com/redeem?ctx=offercodes&id=6757223698&code=7LJ37K3AHMJ4X6NHKT
FYHX8KK48TFJMT7MWA,https://apps.apple.com/redeem?ctx=offercodes&id=6757223698&code=FYHX8KK48TFJMT7MWA
YTRJYWHF3HYPWWPKTH,https://apps.apple.com/redeem?ctx=offercodes&id=6757223698&code=YTRJYWHF3HYPWWPKTH
JAPP8PH8TWR3TH4PH8,https://apps.apple.com/redeem?ctx=offercodes&id=6757223698&code=JAPP8PH8TWR3TH4PH8
HWK7PHW7KKXTMLXXPY,https://apps.apple.com/redeem?ctx=offercodes&id=6757223698&code=HWK7PHW7KKXTMLXXPY
RJRFAAFLLPLTEYMF8M,https://apps.apple.com/redeem?ctx=offercodes&id=6757223698&code=RJRFAAFLLPLTEYMF8M
4JYMFKEMFXTENELM3R,https://apps.apple.com/redeem?ctx=offercodes&id=6757223698&code=4JYMFKEMFXTENELM3R
THE48J3MEFA8JTXAP4,https://apps.apple.com/redeem?ctx=offercodes&id=6757223698&code=THE48J3MEFA8JTXAP4
M3AMK7KJTHTE7FXH7K,https://apps.apple.com/redeem?ctx=offercodes&id=6757223698&code=M3AMK7KJTHTE7FXH7K
RNXA7L7377NJ3LHY4T,https://apps.apple.com/redeem?ctx=offercodes&id=6757223698&code=RNXA7L7377NJ3LHY4T
TWPF8A7P6YPHJWF8P6,https://apps.apple.com/redeem?ctx=offercodes&id=6757223698&code=TWPF8A7P6YPHJWF8P6
ATP688H6HF7HJKA873,https://apps.apple.com/redeem?ctx=offercodes&id=6757223698&code=ATP688H6HF7HJKA873
A7HJ84RNFM74TFPHL4,https://apps.apple.com/redeem?ctx=offercodes&id=6757223698&code=A7HJ84RNFM74TFPHL4
6PNE3RAJRAKKXMTXMF,https://apps.apple.com/redeem?ctx=offercodes&id=6757223698&code=6PNE3RAJRAKKXMTXMF
H3JXAAMA3XJWKNX647,https://apps.apple.com/redeem?ctx=offercodes&id=6757223698&code=H3JXAAMA3XJWKNX647
M8A8RH6KRE6LPY6R74,https://apps.apple.com/redeem?ctx=offercodes&id=6757223698&code=M8A8RH6KRE6LPY6R74
4JMWYKNHNL7R3R8LL3,https://apps.apple.com/redeem?ctx=offercodes&id=6757223698&code=4JMWYKNHNL7R3R8LL3
PWE8RJNLY8FPTEN773,https://apps.apple.com/redeem?ctx=offercodes&id=6757223698&code=PWE8RJNLY8FPTEN773
FJEMMRTMLF4TPPKY6L,https://apps.apple.com/redeem?ctx=offercodes&id=6757223698&code=FJEMMRTMLF4TPPKY6L
KLRN86LHYFJK6W74TT,https://apps.apple.com/redeem?ctx=offercodes&id=6757223698&code=KLRN86LHYFJK6W74TT
X7EHHNP3XF7KFN8JKX,https://apps.apple.com/redeem?ctx=offercodes&id=6757223698&code=X7EHHNP3XF7KFN8JKX
RXWRPJ3EJRJA3HTNFK,https://apps.apple.com/redeem?ctx=offercodes&id=6757223698&code=RXWRPJ3EJRJA3HTNFK
ETLHM33M7KRLTM34PW,https://apps.apple.com/redeem?ctx=offercodes&id=6757223698&code=ETLHM33M7KRLTM34PW
JRLTR7RY4EXJPHRW4L,https://apps.apple.com/redeem?ctx=offercodes&id=6757223698&code=JRLTR7RY4EXJPHRW4L
3XT3FMWPYH8MTR3MFR,https://apps.apple.com/redeem?ctx=offercodes&id=6757223698&code=3XT3FMWPYH8MTR3MFR
F6JJ4JJFY3L7KWPJT8,https://apps.apple.com/redeem?ctx=offercodes&id=6757223698&code=F6JJ4JJFY3L7KWPJT8
AK6ETE7PHFFTNYLRHW,https://apps.apple.com/redeem?ctx=offercodes&id=6757223698&code=AK6ETE7PHFFTNYLRHW
PEJTNWRAPHXX374NYN,https://apps.apple.com/redeem?ctx=offercodes&id=6757223698&code=PEJTNWRAPHXX374NYN
N8YL7WFMKKHNTN8AF4,https://apps.apple.com/redeem?ctx=offercodes&id=6757223698&code=N8YL7WFMKKHNTN8AF4
PF6WTHWNAEPAM8JHKK,https://apps.apple.com/redeem?ctx=offercodes&id=6757223698&code=PF6WTHWNAEPAM8JHKK
AEME6JLWFJJ6EL63YP,https://apps.apple.com/redeem?ctx=offercodes&id=6757223698&code=AEME6JLWFJJ6EL63YP
RRFPYF6ALHPWAPPF6M,https://apps.apple.com/redeem?ctx=offercodes&id=6757223698&code=RRFPYF6ALHPWAPPF6M
NE83J4MM3NLHTPEJFT,https://apps.apple.com/redeem?ctx=offercodes&id=6757223698&code=NE83J4MM3NLHTPEJFT
A6HLWLWYKN4N63LJK3,https://apps.apple.com/redeem?ctx=offercodes&id=6757223698&code=A6HLWLWYKN4N63LJK3
P8A4WYNFMLJNTWRWYX,https://apps.apple.com/redeem?ctx=offercodes&id=6757223698&code=P8A4WYNFMLJNTWRWYX
8AY3NH643MALX6PPAN,https://apps.apple.com/redeem?ctx=offercodes&id=6757223698&code=8AY3NH643MALX6PPAN
HFEH4J3R6WEAPYF8AL,https://apps.apple.com/redeem?ctx=offercodes&id=6757223698&code=HFEH4J3R6WEAPYF8AL
FXPH4AH74MTX3Y6PWR,https://apps.apple.com/redeem?ctx=offercodes&id=6757223698&code=FXPH4AH74MTX3Y6PWR
KRP4YPXH3N8M3HW73A,https://apps.apple.com/redeem?ctx=offercodes&id=6757223698&code=KRP4YPXH3N8M3HW73A
PWNT6MNYX3RAYFPAML,https://apps.apple.com/redeem?ctx=offercodes&id=6757223698&code=PWNT6MNYX3RAYFPAML
AH74PA66F37T7K8NXJ,https://apps.apple.com/redeem?ctx=offercodes&id=6757223698&code=AH74PA66F37T7K8NXJ
XAL4NEN64YY6E3M3R4,https://apps.apple.com/redeem?ctx=offercodes&id=6757223698&code=XAL4NEN64YY6E3M3R4
3T3YXJPTPXFF4HJLR4,https://apps.apple.com/redeem?ctx=offercodes&id=6757223698&code=3T3YXJPTPXFF4HJLR4
E4WPPEJPFMKEFRLANK,https://apps.apple.com/redeem?ctx=offercodes&id=6757223698&code=E4WPPEJPFMKEFRLANK
RWYKLAARR4HYKKEFNY,https://apps.apple.com/redeem?ctx=offercodes&id=6757223698&code=RWYKLAARR4HYKKEFNY
X87HK4YWKNXTYEH7W8,https://apps.apple.com/redeem?ctx=offercodes&id=6757223698&code=X87HK4YWKNXTYEH7W8
T4E774XFNKAW3R3E8T,https://apps.apple.com/redeem?ctx=offercodes&id=6757223698&code=T4E774XFNKAW3R3E8T
FJM7FN4PRMM4LFMPYX,https://apps.apple.com/redeem?ctx=offercodes&id=6757223698&code=FJM7FN4PRMM4LFMPYX
PTTY3FNFXFY48LF83E,https://apps.apple.com/redeem?ctx=offercodes&id=6757223698&code=PTTY3FNFXFY48LF83E
4Y3A4EJ3R8EMWKY3MH,https://apps.apple.com/redeem?ctx=offercodes&id=6757223698&code=4Y3A4EJ3R8EMWKY3MH
6NFHLKEWLAAYMFYW3N,https://apps.apple.com/redeem?ctx=offercodes&id=6757223698&code=6NFHLKEWLAAYMFYW3N
X74FRKN7FNM6ENM6K6,https://apps.apple.com/redeem?ctx=offercodes&id=6757223698&code=X74FRKN7FNM6ENM6K6
6HJTR6PHPKAP684WW6,https://apps.apple.com/redeem?ctx=offercodes&id=6757223698&code=6HJTR6PHPKAP684WW6
8N3MY6TLAJJF6LAXLN,https://apps.apple.com/redeem?ctx=offercodes&id=6757223698&code=8N3MY6TLAJJF6LAXLN
NWA7M8M3JAFHEF8HWL,https://apps.apple.com/redeem?ctx=offercodes&id=6757223698&code=NWA7M8M3JAFHEF8HWL
EJT8HX6PKJMJTX3J3R,https://apps.apple.com/redeem?ctx=offercodes&id=6757223698&code=EJT8HX6PKJMJTX3J3R
JLP86K673HP334YH3P,https://apps.apple.com/redeem?ctx=offercodes&id=6757223698&code=JLP86K673HP334YH3P
8M48J3Y6AHYPJYPT6A,https://apps.apple.com/redeem?ctx=offercodes&id=6757223698&code=8M48J3Y6AHYPJYPT6A
N6AR6XEPKAWNKJYPRE,https://apps.apple.com/redeem?ctx=offercodes&id=6757223698&code=N6AR6XEPKAWNKJYPRE
4FKHTEFJAX8YLTNPXF,https://apps.apple.com/redeem?ctx=offercodes&id=6757223698&code=4FKHTEFJAX8YLTNPXF
MPJRLYWAT8EM7E38W8,https://apps.apple.com/redeem?ctx=offercodes&id=6757223698&code=MPJRLYWAT8EM7E38W8
E6PTLJYXAYYK3EAH73,https://apps.apple.com/redeem?ctx=offercodes&id=6757223698&code=E6PTLJYXAYYK3EAH73
8LP3HMFH67LNA8HF6Y,https://apps.apple.com/redeem?ctx=offercodes&id=6757223698&code=8LP3HMFH67LNA8HF6Y
L64JEHHR4YH7X8JHJF,https://apps.apple.com/redeem?ctx=offercodes&id=6757223698&code=L64JEHHR4YH7X8JHJF
KMANHEXFJLNWMPYLPJ,https://apps.apple.com/redeem?ctx=offercodes&id=6757223698&code=KMANHEXFJLNWMPYLPJ
WMKNPMRMY3RNALTKXL,https://apps.apple.com/redeem?ctx=offercodes&id=6757223698&code=WMKNPMRMY3RNALTKXL
HLF8PM4WJ6L4K4HELY,https://apps.apple.com/redeem?ctx=offercodes&id=6757223698&code=HLF8PM4WJ6L4K4HELY
NEPFTJPPPE8KPRKA8M,https://apps.apple.com/redeem?ctx=offercodes&id=6757223698&code=NEPFTJPPPE8KPRKA8M
XWW4PWFLWNFLTKPHWL,https://apps.apple.com/redeem?ctx=offercodes&id=6757223698&code=XWW4PWFLWNFLTKPHWL
WLYHYHJ8JYH87LE7LX,https://apps.apple.com/redeem?ctx=offercodes&id=6757223698&code=WLYHYHJ8JYH87LE7LX
8AF6TL6TYAEXR6KN4J,https://apps.apple.com/redeem?ctx=offercodes&id=6757223698&code=8AF6TL6TYAEXR6KN4J
NYH8EA6XJPF6T38J6M,https://apps.apple.com/redeem?ctx=offercodes&id=6757223698&code=NYH8EA6XJPF6T38J6M
WNP7WLHJ3AYAKFYNWJ,https://apps.apple.com/redeem?ctx=offercodes&id=6757223698&code=WNP7WLHJ3AYAKFYNWJ
FAHPLRL6H6PW6L48MH,https://apps.apple.com/redeem?ctx=offercodes&id=6757223698&code=FAHPLRL6H6PW6L48MH
44F3YLXN73MH4W7WEK,https://apps.apple.com/redeem?ctx=offercodes&id=6757223698&code=44F3YLXN73MH4W7WEK
RWHH4TLANKAELWPXEY,https://apps.apple.com/redeem?ctx=offercodes&id=6757223698&code=RWHH4TLANKAELWPXEY
EEX7K6J767T34PJ6XJ,https://apps.apple.com/redeem?ctx=offercodes&id=6757223698&code=EEX7K6J767T34PJ6XJ
4XN7XX7RAKFXF8483N,https://apps.apple.com/redeem?ctx=offercodes&id=6757223698&code=4XN7XX7RAKFXF8483N
RKFY6LFLYTRML7EJN3,https://apps.apple.com/redeem?ctx=offercodes&id=6757223698&code=RKFY6LFLYTRML7EJN3
KTLX3J8F7ALAR3NNMW,https://apps.apple.com/redeem?ctx=offercodes&id=6757223698&code=KTLX3J8F7ALAR3NNMW
MENW86MJXF3M648HHL,https://apps.apple.com/redeem?ctx=offercodes&id=6757223698&code=MENW86MJXF3M648HHL
YW6EJ4P368JJLHTJMK,https://apps.apple.com/redeem?ctx=offercodes&id=6757223698&code=YW6EJ4P368JJLHTJMK
W7KHLYX3REKWHJF776,https://apps.apple.com/redeem?ctx=offercodes&id=6757223698&code=W7KHLYX3REKWHJF776
34EHWELJRFNWWXJRN8,https://apps.apple.com/redeem?ctx=offercodes&id=6757223698&code=34EHWELJRFNWWXJRN8
FHTTJHTP84PA3FHPHH,https://apps.apple.com/redeem?ctx=offercodes&id=6757223698&code=FHTTJHTP84PA3FHPHH
P7K6PW6MR7Y37JH8F8,https://apps.apple.com/redeem?ctx=offercodes&id=6757223698&code=P7K6PW6MR7Y37JH8F8
HKFF7AHHKA6TX767Y8,https://apps.apple.com/redeem?ctx=offercodes&id=6757223698&code=HKFF7AHHKA6TX767Y8
7MHPR838EF6H8MMN8L,https://apps.apple.com/redeem?ctx=offercodes&id=6757223698&code=7MHPR838EF6H8MMN8L
J3KN3E6Y4FH4NXW6FE,https://apps.apple.com/redeem?ctx=offercodes&id=6757223698&code=J3KN3E6Y4FH4NXW6FE
J3FEYNWNPKF3TA3RME,https://apps.apple.com/redeem?ctx=offercodes&id=6757223698&code=J3FEYNWNPKF3TA3RME
K3FPLE4XL6RK7EK38E,https://apps.apple.com/redeem?ctx=offercodes&id=6757223698&code=K3FPLE4XL6RK7EK38E
TMWLJRLKAKAMA6X3YH,https://apps.apple.com/redeem?ctx=offercodes&id=6757223698&code=TMWLJRLKAKAMA6X3YH
N6P47XEREAXTYFM3WL,https://apps.apple.com/redeem?ctx=offercodes&id=6757223698&code=N6P47XEREAXTYFM3WL
6A6JMEHFRYHWHWNFNL,https://apps.apple.com/redeem?ctx=offercodes&id=6757223698&code=6A6JMEHFRYHWHWNFNL
HH4YRMEREFTNN4PJKT,https://apps.apple.com/redeem?ctx=offercodes&id=6757223698&code=HH4YRMEREFTNN4PJKT
67FYNJNHPR876TNJ3H,https://apps.apple.com/redeem?ctx=offercodes&id=6757223698&code=67FYNJNHPR876TNJ3H
YL73AKF3WMRA83XXRK,https://apps.apple.com/redeem?ctx=offercodes&id=6757223698&code=YL73AKF3WMRA83XXRK
4XKWWLK6THPYPTXY63,https://apps.apple.com/redeem?ctx=offercodes&id=6757223698&code=4XKWWLK6THPYPTXY63
NEYR4AFYFWX7RTL8L4,https://apps.apple.com/redeem?ctx=offercodes&id=6757223698&code=NEYR4AFYFWX7RTL8L4
PELM7YA3N7XAXJ67T6,https://apps.apple.com/redeem?ctx=offercodes&id=6757223698&code=PELM7YA3N7XAXJ67T6
EX7WTRMHTXA6TFXH6M,https://apps.apple.com/redeem?ctx=offercodes&id=6757223698&code=EX7WTRMHTXA6TFXH6M
JXFHKJ7JFHEKYATL6J,https://apps.apple.com/redeem?ctx=offercodes&id=6757223698&code=JXFHKJ7JFHEKYATL6J
7MTPRKHRA3TY6RXRLE,https://apps.apple.com/redeem?ctx=offercodes&id=6757223698&code=7MTPRKHRA3TY6RXRLE
TLTTPJ4J37X7EHXNA8,https://apps.apple.com/redeem?ctx=offercodes&id=6757223698&code=TLTTPJ4J37X7EHXNA8
EWEF8TEFKA7ELRPJMF,https://apps.apple.com/redeem?ctx=offercodes&id=6757223698&code=EWEF8TEFKA7ELRPJMF
JMPM63XH3HJE4N8XMJ,https://apps.apple.com/redeem?ctx=offercodes&id=6757223698&code=JMPM63XH3HJE4N8XMJ
TNHEKNM8P8AETK34L7,https://apps.apple.com/redeem?ctx=offercodes&id=6757223698&code=TNHEKNM8P8AETK34L7
NJXWNTY4HAHH8KHJMK,https://apps.apple.com/redeem?ctx=offercodes&id=6757223698&code=NJXWNTY4HAHH8KHJMK
A6X6FXF3PMX37HWXHE,https://apps.apple.com/redeem?ctx=offercodes&id=6757223698&code=A6X6FXF3PMX37HWXHE
WKJLRXH4NJHRNHJFXH,https://apps.apple.com/redeem?ctx=offercodes&id=6757223698&code=WKJLRXH4NJHRNHJFXH
AF8MFNPLEYYHE8KKYE,https://apps.apple.com/redeem?ctx=offercodes&id=6757223698&code=AF8MFNPLEYYHE8KKYE
M8FNA4MTY63R83677X,https://apps.apple.com/redeem?ctx=offercodes&id=6757223698&code=M8FNA4MTY63R83677X
KJFAMNML8HRY7FR46L,https://apps.apple.com/redeem?ctx=offercodes&id=6757223698&code=KJFAMNML8HRY7FR46L
JPPTYXKE837R4WW7H6,https://apps.apple.com/redeem?ctx=offercodes&id=6757223698&code=JPPTYXKE837R4WW7H6
H3KLFKAKKNTWW7AAWM,https://apps.apple.com/redeem?ctx=offercodes&id=6757223698&code=H3KLFKAKKNTWW7AAWM
4ELKYFTMR43PME4TXX,https://apps.apple.com/redeem?ctx=offercodes&id=6757223698&code=4ELKYFTMR43PME4TXX
7X7E4MYYY3WYWAXF3P,https://apps.apple.com/redeem?ctx=offercodes&id=6757223698&code=7X7E4MYYY3WYWAXF3P
8N8JFHWAXYTJTMYJXA,https://apps.apple.com/redeem?ctx=offercodes&id=6757223698&code=8N8JFHWAXYTJTMYJXA
NAWHENXRPJAP8YLX6E,https://apps.apple.com/redeem?ctx=offercodes&id=6757223698&code=NAWHENXRPJAP8YLX6E
NWE43N6PLF8A8XNYKY,https://apps.apple.com/redeem?ctx=offercodes&id=6757223698&code=NWE43N6PLF8A8XNYKY
4LYYEXHHFMH7WPENPL,https://apps.apple.com/redeem?ctx=offercodes&id=6757223698&code=4LYYEXHHFMH7WPENPL
MF8LX7X76N87PPP446,https://apps.apple.com/redeem?ctx=offercodes&id=6757223698&code=MF8LX7X76N87PPP446
PRATTRTJN8MPMF8XNJ,https://apps.apple.com/redeem?ctx=offercodes&id=6757223698&code=PRATTRTJN8MPMF8XNJ
6RWLLHR46R3ALF3XRJ,https://apps.apple.com/redeem?ctx=offercodes&id=6757223698&code=6RWLLHR46R3ALF3XRJ
EFTJWW8XWNEFXRH64W,https://apps.apple.com/redeem?ctx=offercodes&id=6757223698&code=EFTJWW8XWNEFXRH64W
FXTN4LYRYRR84PKPX8,https://apps.apple.com/redeem?ctx=offercodes&id=6757223698&code=FXTN4LYRYRR84PKPX8
7H7JF4KH3NFHA3TJN8,https://apps.apple.com/redeem?ctx=offercodes&id=6757223698&code=7H7JF4KH3NFHA3TJN8
M7LJLPHJXPYHK3RP8R,https://apps.apple.com/redeem?ctx=offercodes&id=6757223698&code=M7LJLPHJXPYHK3RP8R
JP6J6MP8KNXHRMYAM3,https://apps.apple.com/redeem?ctx=offercodes&id=6757223698&code=JP6J6MP8KNXHRMYAM3
3EMP4EX73R4M3AJ7HJ,https://apps.apple.com/redeem?ctx=offercodes&id=6757223698&code=3EMP4EX73R4M3AJ7HJ
K73KNMFK7843HRYXRM,https://apps.apple.com/redeem?ctx=offercodes&id=6757223698&code=K73KNMFK7843HRYXRM
RP63JA8FE3MK7A748M,https://apps.apple.com/redeem?ctx=offercodes&id=6757223698&code=RP63JA8FE3MK7A748M
R3TLP68ALKLR4AMRX6,https://apps.apple.com/redeem?ctx=offercodes&id=6757223698&code=R3TLP68ALKLR4AMRX6
TN4AWARKXPXHFRTWTL,https://apps.apple.com/redeem?ctx=offercodes&id=6757223698&code=TN4AWARKXPXHFRTWTL
JWLALNKTY7RKR7YPXN,https://apps.apple.com/redeem?ctx=offercodes&id=6757223698&code=JWLALNKTY7RKR7YPXN
TF86J7JT63LMPARLKM,https://apps.apple.com/redeem?ctx=offercodes&id=6757223698&code=TF86J7JT63LMPARLKM
P8FK7NHHJFN7JYK6T8,https://apps.apple.com/redeem?ctx=offercodes&id=6757223698&code=P8FK7NHHJFN7JYK6T8
JFF4437HYRJ4RTHRET,https://apps.apple.com/redeem?ctx=offercodes&id=6757223698&code=JFF4437HYRJ4RTHRET
38TKAPRYATLHAJEYLX,https://apps.apple.com/redeem?ctx=offercodes&id=6757223698&code=38TKAPRYATLHAJEYLX
ERW4XK7EX8JAHAHEWN,https://apps.apple.com/redeem?ctx=offercodes&id=6757223698&code=ERW4XK7EX8JAHAHEWN
WF7PEW3A6RRMMTLMNW,https://apps.apple.com/redeem?ctx=offercodes&id=6757223698&code=WF7PEW3A6RRMMTLMNW
KE68JYTKW7EW47WMRT,https://apps.apple.com/redeem?ctx=offercodes&id=6757223698&code=KE68JYTKW7EW47WMRT
WN7LKE3KA8FETL4FMY,https://apps.apple.com/redeem?ctx=offercodes&id=6757223698&code=WN7LKE3KA8FETL4FMY
8NAHRF6NXYH78YALFP,https://apps.apple.com/redeem?ctx=offercodes&id=6757223698&code=8NAHRF6NXYH78YALFP
FX8AK4WNHYWKHJYH4M,https://apps.apple.com/redeem?ctx=offercodes&id=6757223698&code=FX8AK4WNHYWKHJYH4M
EFKX8PTAAFJWNWPM8F,https://apps.apple.com/redeem?ctx=offercodes&id=6757223698&code=EFKX8PTAAFJWNWPM8F
3FX88L34L8XK6LENFP,https://apps.apple.com/redeem?ctx=offercodes&id=6757223698&code=3FX88L34L8XK6LENFP
3TNAH7P3MEAP4W6XHX,https://apps.apple.com/redeem?ctx=offercodes&id=6757223698&code=3TNAH7P3MEAP4W6XHX
HYLE63K6LAE76XE6R4,https://apps.apple.com/redeem?ctx=offercodes&id=6757223698&code=HYLE63K6LAE76XE6R4
X8373J6RXANPL6LFTY,https://apps.apple.com/redeem?ctx=offercodes&id=6757223698&code=X8373J6RXANPL6LFTY
XEN4YF7KE6737MPJ4A,https://apps.apple.com/redeem?ctx=offercodes&id=6757223698&code=XEN4YF7KE6737MPJ4A
8JJXKFFYLXRXYMTJ38,https://apps.apple.com/redeem?ctx=offercodes&id=6757223698&code=8JJXKFFYLXRXYMTJ38
3NRPK3RL8L3JMY4FNJ,https://apps.apple.com/redeem?ctx=offercodes&id=6757223698&code=3NRPK3RL8L3JMY4FNJ
LWWYLWTE38FHJMAM7A,https://apps.apple.com/redeem?ctx=offercodes&id=6757223698&code=LWWYLWTE38FHJMAM7A
NNFF8XJHMHJE6XEAF6,https://apps.apple.com/redeem?ctx=offercodes&id=6757223698&code=NNFF8XJHMHJE6XEAF6
L8FRFKH6AFRJYKXARE,https://apps.apple.com/redeem?ctx=offercodes&id=6757223698&code=L8FRFKH6AFRJYKXARE
3WWXTHX8KH3RR3XMAJ,https://apps.apple.com/redeem?ctx=offercodes&id=6757223698&code=3WWXTHX8KH3RR3XMAJ
F8LNHRTTENF3XJ3468,https://apps.apple.com/redeem?ctx=offercodes&id=6757223698&code=F8LNHRTTENF3XJ3468
6M7LARHJMXT6YRJTXM,https://apps.apple.com/redeem?ctx=offercodes&id=6757223698&code=6M7LARHJMXT6YRJTXM
PWYWEXJP3X6AYH8JTY,https://apps.apple.com/redeem?ctx=offercodes&id=6757223698&code=PWYWEXJP3X6AYH8JTY
PY8YXHKHRXR8JE66W8,https://apps.apple.com/redeem?ctx=offercodes&id=6757223698&code=PY8YXHKHRXR8JE66W8
3JE344KTR88YFKEXFA,https://apps.apple.com/redeem?ctx=offercodes&id=6757223698&code=3JE344KTR88YFKEXFA
3EN48HE7NLMJXYKPHA,https://apps.apple.com/redeem?ctx=offercodes&id=6757223698&code=3EN48HE7NLMJXYKPHA
KWJW3A63E7TMP4RMRX,https://apps.apple.com/redeem?ctx=offercodes&id=6757223698&code=KWJW3A63E7TMP4RMRX
XJLPKH76KXXAM4HE7K,https://apps.apple.com/redeem?ctx=offercodes&id=6757223698&code=XJLPKH76KXXAM4HE7K
8RKX8MLHX3THHLAJ6Y,https://apps.apple.com/redeem?ctx=offercodes&id=6757223698&code=8RKX8MLHX3THHLAJ6Y
J4LM7PATPK63JNFFYL,https://apps.apple.com/redeem?ctx=offercodes&id=6757223698&code=J4LM7PATPK63JNFFYL
KRE338XFKWWPX6YX6L,https://apps.apple.com/redeem?ctx=offercodes&id=6757223698&code=KRE338XFKWWPX6YX6L
874NMH4JXKXHMYFEFT,https://apps.apple.com/redeem?ctx=offercodes&id=6757223698&code=874NMH4JXKXHMYFEFT
EHJ4FYFR3M7L8T6FLE,https://apps.apple.com/redeem?ctx=offercodes&id=6757223698&code=EHJ4FYFR3M7L8T6FLE
LPJ46N8J34AMYK66HN,https://apps.apple.com/redeem?ctx=offercodes&id=6757223698&code=LPJ46N8J34AMYK66HN
4L8R3H3WJJFM6F77HT,https://apps.apple.com/redeem?ctx=offercodes&id=6757223698&code=4L8R3H3WJJFM6F77HT
AHMWLLTAEMAN63K4WE,https://apps.apple.com/redeem?ctx=offercodes&id=6757223698&code=AHMWLLTAEMAN63K4WE
84KYF6NPK3RF37XHL6,https://apps.apple.com/redeem?ctx=offercodes&id=6757223698&code=84KYF6NPK3RF37XHL6
MXFJTM48PHN7A6FFKA,https://apps.apple.com/redeem?ctx=offercodes&id=6757223698&code=MXFJTM48PHN7A6FFKA
RMAY3AEYEPKWPYFFYF,https://apps.apple.com/redeem?ctx=offercodes&id=6757223698&code=RMAY3AEYEPKWPYFFYF
7HRW6TMY7F3MXJN3WA,https://apps.apple.com/redeem?ctx=offercodes&id=6757223698&code=7HRW6TMY7F3MXJN3WA
F6A4EW47T4NRFF6RAW,https://apps.apple.com/redeem?ctx=offercodes&id=6757223698&code=F6A4EW47T4NRFF6RAW
AH7ARYMXRMXKNXXAP4,https://apps.apple.com/redeem?ctx=offercodes&id=6757223698&code=AH7ARYMXRMXKNXXAP4
NK3F63F7KLKE34AX8N,https://apps.apple.com/redeem?ctx=offercodes&id=6757223698&code=NK3F63F7KLKE34AX8N
RME4874K8TXEMF7NLH,https://apps.apple.com/redeem?ctx=offercodes&id=6757223698&code=RME4874K8TXEMF7NLH
HE8TT3LXNP63XRJ3EX,https://apps.apple.com/redeem?ctx=offercodes&id=6757223698&code=HE8TT3LXNP63XRJ3EX
YP7FXEYK8ENRFJ6YKE,https://apps.apple.com/redeem?ctx=offercodes&id=6757223698&code=YP7FXEYK8ENRFJ6YKE
T83PRLXNHA44PNKRKE,https://apps.apple.com/redeem?ctx=offercodes&id=6757223698&code=T83PRLXNHA44PNKRKE
RXH6MK4MW6AAKYH6MW,https://apps.apple.com/redeem?ctx=offercodes&id=6757223698&code=RXH6MK4MW6AAKYH6MW
YMYWW7TLEAPEP48PRT,https://apps.apple.com/redeem?ctx=offercodes&id=6757223698&code=YMYWW7TLEAPEP48PRT
W8YERTEWFET6E33KTN,https://apps.apple.com/redeem?ctx=offercodes&id=6757223698&code=W8YERTEWFET6E33KTN
47PNH7LN6AJ4FTJXYX,https://apps.apple.com/redeem?ctx=offercodes&id=6757223698&code=47PNH7LN6AJ4FTJXYX
4YLNJHR4N6FMHJ3LWN,https://apps.apple.com/redeem?ctx=offercodes&id=6757223698&code=4YLNJHR4N6FMHJ3LWN
X6RXTYFTE67EAR7WTE,https://apps.apple.com/redeem?ctx=offercodes&id=6757223698&code=X6RXTYFTE67EAR7WTE
XFK68W7WWHHPLHAAKM,https://apps.apple.com/redeem?ctx=offercodes&id=6757223698&code=XFK68W7WWHHPLHAAKM
A6LT3MHFK8HTRR4EW3,https://apps.apple.com/redeem?ctx=offercodes&id=6757223698&code=A6LT3MHFK8HTRR4EW3
WX87X47YXMFRTRPTFN,https://apps.apple.com/redeem?ctx=offercodes&id=6757223698&code=WX87X47YXMFRTRPTFN
HT7H8M3W47N6XNPKKM,https://apps.apple.com/redeem?ctx=offercodes&id=6757223698&code=HT7H8M3W47N6XNPKKM
MYMFXRAFWNLY6MHYK3,https://apps.apple.com/redeem?ctx=offercodes&id=6757223698&code=MYMFXRAFWNLY6MHYK3
AAMTR68KP4AP4HHYRM,https://apps.apple.com/redeem?ctx=offercodes&id=6757223698&code=AAMTR68KP4AP4HHYRM
AP7AWX3A4XNXHKLL8K,https://apps.apple.com/redeem?ctx=offercodes&id=6757223698&code=AP7AWX3A4XNXHKLL8K
6KN4PY6F87EY6PLXWR,https://apps.apple.com/redeem?ctx=offercodes&id=6757223698&code=6KN4PY6F87EY6PLXWR
8AENPYK83LNMRX4JPT,https://apps.apple.com/redeem?ctx=offercodes&id=6757223698&code=8AENPYK83LNMRX4JPT
XRW8JJ4YTRWWA86WXT,https://apps.apple.com/redeem?ctx=offercodes&id=6757223698&code=XRW8JJ4YTRWWA86WXT
RPXTPNTEENN4YM86NL,https://apps.apple.com/redeem?ctx=offercodes&id=6757223698&code=RPXTPNTEENN4YM86NL
ANXK4LHRLH6FM64LHA,https://apps.apple.com/redeem?ctx=offercodes&id=6757223698&code=ANXK4LHRLH6FM64LHA
3LMNNAKK3F7LM3WWLN,https://apps.apple.com/redeem?ctx=offercodes&id=6757223698&code=3LMNNAKK3F7LM3WWLN
ANLPHHKELRPJE83FMW,https://apps.apple.com/redeem?ctx=offercodes&id=6757223698&code=ANLPHHKELRPJE83FMW
43J33NEMT6FLJJNYHX,https://apps.apple.com/redeem?ctx=offercodes&id=6757223698&code=43J33NEMT6FLJJNYHX
TXHJNMYLJYWP6E6N3J,https://apps.apple.com/redeem?ctx=offercodes&id=6757223698&code=TXHJNMYLJYWP6E6N3J
AFJWF48FNNYW7FLF6P,https://apps.apple.com/redeem?ctx=offercodes&id=6757223698&code=AFJWF48FNNYW7FLF6P
46WWXRPK7M648AXTF7,https://apps.apple.com/redeem?ctx=offercodes&id=6757223698&code=46WWXRPK7M648AXTF7
TKRNNY6H7JJPAKYWYR,https://apps.apple.com/redeem?ctx=offercodes&id=6757223698&code=TKRNNY6H7JJPAKYWYR
HNYAMWKWWXELJWRHA7,https://apps.apple.com/redeem?ctx=offercodes&id=6757223698&code=HNYAMWKWWXELJWRHA7
P38AN74EN84XMJFJJ6,https://apps.apple.com/redeem?ctx=offercodes&id=6757223698&code=P38AN74EN84XMJFJJ6
XF6YFE7PJJK6EH7EHH,https://apps.apple.com/redeem?ctx=offercodes&id=6757223698&code=XF6YFE7PJJK6EH7EHH
8NN8AY4FH68YHLFWPK,https://apps.apple.com/redeem?ctx=offercodes&id=6757223698&code=8NN8AY4FH68YHLFWPK
ARRWP4A6YXHXNLNWLK,https://apps.apple.com/redeem?ctx=offercodes&id=6757223698&code=ARRWP4A6YXHXNLNWLK
47MPEY6JNNM44YJWK3,https://apps.apple.com/redeem?ctx=offercodes&id=6757223698&code=47MPEY6JNNM44YJWK3
83ERAW7FA3JRPRT4L6,https://apps.apple.com/redeem?ctx=offercodes&id=6757223698&code=83ERAW7FA3JRPRT4L6
L7WLJ4F4ALJLR86WJ4,https://apps.apple.com/redeem?ctx=offercodes&id=6757223698&code=L7WLJ4F4ALJLR86WJ4
PJL443PK8X48KKTHMH,https://apps.apple.com/redeem?ctx=offercodes&id=6757223698&code=PJL443PK8X48KKTHMH
HJAEE44HFRLF8P8YLA,https://apps.apple.com/redeem?ctx=offercodes&id=6757223698&code=HJAEE44HFRLF8P8YLA
JLR6XH7KXNEYHKY3JY,https://apps.apple.com/redeem?ctx=offercodes&id=6757223698&code=JLR6XH7KXNEYHKY3JY
T3A3LEF66EP6NFFT8J,https://apps.apple.com/redeem?ctx=offercodes&id=6757223698&code=T3A3LEF66EP6NFFT8J
HYF4YJXEWRRLJXAWMM,https://apps.apple.com/redeem?ctx=offercodes&id=6757223698&code=HYF4YJXEWRRLJXAWMM
8X378RW7P6YKHP67AM,https://apps.apple.com/redeem?ctx=offercodes&id=6757223698&code=8X378RW7P6YKHP67AM
X7FLYLX3KA43HY44FY,https://apps.apple.com/redeem?ctx=offercodes&id=6757223698&code=X7FLYLX3KA43HY44FY
3K8T8M3KYE3JWJY8FK,https://apps.apple.com/redeem?ctx=offercodes&id=6757223698&code=3K8T8M3KYE3JWJY8FK
FLFFN67KKJYYXHMX68,https://apps.apple.com/redeem?ctx=offercodes&id=6757223698&code=FLFFN67KKJYYXHMX68
M3FPL6TEKENAY4LP6H,https://apps.apple.com/redeem?ctx=offercodes&id=6757223698&code=M3FPL6TEKENAY4LP6H
YNRKKYWLKL7TENTJW8,https://apps.apple.com/redeem?ctx=offercodes&id=6757223698&code=YNRKKYWLKL7TENTJW8
WTY6KM6LKLFMAJHXT7,https://apps.apple.com/redeem?ctx=offercodes&id=6757223698&code=WTY6KM6LKLFMAJHXT7
X6NAR8YPTEH8W8J8FL,https://apps.apple.com/redeem?ctx=offercodes&id=6757223698&code=X6NAR8YPTEH8W8J8FL
8R76TRY6WJAY3LAJY4,https://apps.apple.com/redeem?ctx=offercodes&id=6757223698&code=8R76TRY6WJAY3LAJY4
YNLWRRPLP778JWXMPF,https://apps.apple.com/redeem?ctx=offercodes&id=6757223698&code=YNLWRRPLP778JWXMPF
JFL3TPX4FFNWHEHTKN,https://apps.apple.com/redeem?ctx=offercodes&id=6757223698&code=JFL3TPX4FFNWHEHTKN
NTWXNXL4H8YK366LXL,https://apps.apple.com/redeem?ctx=offercodes&id=6757223698&code=NTWXNXL4H8YK366LXL
377KR44YN6HP7XR8Y6,https://apps.apple.com/redeem?ctx=offercodes&id=6757223698&code=377KR44YN6HP7XR8Y6
FK336P3LMH3T68F68F,https://apps.apple.com/redeem?ctx=offercodes&id=6757223698&code=FK336P3LMH3T68F68F
TJFH6EHFYL3TPEK6PY,https://apps.apple.com/redeem?ctx=offercodes&id=6757223698&code=TJFH6EHFYL3TPEK6PY
ARPE6A7PYFMKWT7T7Y,https://apps.apple.com/redeem?ctx=offercodes&id=6757223698&code=ARPE6A7PYFMKWT7T7Y
8WEP7384FLM6TYWY8R,https://apps.apple.com/redeem?ctx=offercodes&id=6757223698&code=8WEP7384FLM6TYWY8R
TTHPKYFPR4XMLAF3A8,https://apps.apple.com/redeem?ctx=offercodes&id=6757223698&code=TTHPKYFPR4XMLAF3A8
47WEW3P7KKW4F3W3AW,https://apps.apple.com/redeem?ctx=offercodes&id=6757223698&code=47WEW3P7KKW4F3W3AW
JMF343KKEP8NH3TL3F,https://apps.apple.com/redeem?ctx=offercodes&id=6757223698&code=JMF343KKEP8NH3TL3F
7YNX8J6NLANLER7J83,https://apps.apple.com/redeem?ctx=offercodes&id=6757223698&code=7YNX8J6NLANLER7J83
E7F73EP3FLLFKXRHEF,https://apps.apple.com/redeem?ctx=offercodes&id=6757223698&code=E7F73EP3FLLFKXRHEF
RM74K6KX4MHYEL3YXJ,https://apps.apple.com/redeem?ctx=offercodes&id=6757223698&code=RM74K6KX4MHYEL3YXJ
6FN3MEERXA64YYYAYM,https://apps.apple.com/redeem?ctx=offercodes&id=6757223698&code=6FN3MEERXA64YYYAYM
NLTR6WYJPJ4PXAMPR8,https://apps.apple.com/redeem?ctx=offercodes&id=6757223698&code=NLTR6WYJPJ4PXAMPR8
WLF8MNAK3KTELFP3LW,https://apps.apple.com/redeem?ctx=offercodes&id=6757223698&code=WLF8MNAK3KTELFP3LW
LPANEY6WMMTPW46ETY,https://apps.apple.com/redeem?ctx=offercodes&id=6757223698&code=LPANEY6WMMTPW46ETY
NLKAELMENRYPTHNH3M,https://apps.apple.com/redeem?ctx=offercodes&id=6757223698&code=NLKAELMENRYPTHNH3M
WANTTMKTYWNTJRJFAL,https://apps.apple.com/redeem?ctx=offercodes&id=6757223698&code=WANTTMKTYWNTJRJFAL
LRKJXHAH7AAJWXLP7W,https://apps.apple.com/redeem?ctx=offercodes&id=6757223698&code=LRKJXHAH7AAJWXLP7W
X4R4R8JEHJHM8LKXXT,https://apps.apple.com/redeem?ctx=offercodes&id=6757223698&code=X4R4R8JEHJHM8LKXXT
HKLA4K7N6J6XPK6M3Y,https://apps.apple.com/redeem?ctx=offercodes&id=6757223698&code=HKLA4K7N6J6XPK6M3Y
KKXALM68FF83NRK6PL,https://apps.apple.com/redeem?ctx=offercodes&id=6757223698&code=KKXALM68FF83NRK6PL
HWA68T3N6J3KJXRNFP,https://apps.apple.com/redeem?ctx=offercodes&id=6757223698&code=HWA68T3N6J3KJXRNFP
M4PYWAWXLW7JJNLEKA,https://apps.apple.com/redeem?ctx=offercodes&id=6757223698&code=M4PYWAWXLW7JJNLEKA
WMMWNJ8XW8F84W4XXH,https://apps.apple.com/redeem?ctx=offercodes&id=6757223698&code=WMMWNJ8XW8F84W4XXH
HHTJWWX8MLFWH6EFXH,https://apps.apple.com/redeem?ctx=offercodes&id=6757223698&code=HHTJWWX8MLFWH6EFXH
F8XWWXXWLYK3M7WLH3,https://apps.apple.com/redeem?ctx=offercodes&id=6757223698&code=F8XWWXXWLYK3M7WLH3
KR3L7EHMLWWXPYF74H,https://apps.apple.com/redeem?ctx=offercodes&id=6757223698&code=KR3L7EHMLWWXPYF74H
MN4HHJW6XRHJTXKML7,https://apps.apple.com/redeem?ctx=offercodes&id=6757223698&code=MN4HHJW6XRHJTXKML7
HTXREKKMPFTPLN6HJX,https://apps.apple.com/redeem?ctx=offercodes&id=6757223698&code=HTXREKKMPFTPLN6HJX
L6XP4FAKXRJ7E7M6NP,https://apps.apple.com/redeem?ctx=offercodes&id=6757223698&code=L6XP4FAKXRJ7E7M6NP
P6AYHKF77MR8WAW6F6,https://apps.apple.com/redeem?ctx=offercodes&id=6757223698&code=P6AYHKF77MR8WAW6F6
REJMH4EJPAYEFWK4AR,https://apps.apple.com/redeem?ctx=offercodes&id=6757223698&code=REJMH4EJPAYEFWK4AR
4FYYHPAEHTFNMX34ER,https://apps.apple.com/redeem?ctx=offercodes&id=6757223698&code=4FYYHPAEHTFNMX34ER
PWFPA4A6EKEMRWJ3NE,https://apps.apple.com/redeem?ctx=offercodes&id=6757223698&code=PWFPA4A6EKEMRWJ3NE
4Y7A6PEFT63KPRTFPJ,https://apps.apple.com/redeem?ctx=offercodes&id=6757223698&code=4Y7A6PEFT63KPRTFPJ
RAL46J4HPNAMWRWHXY,https://apps.apple.com/redeem?ctx=offercodes&id=6757223698&code=RAL46J4HPNAMWRWHXY
WPTLLW3LXYY77MMPEP,https://apps.apple.com/redeem?ctx=offercodes&id=6757223698&code=WPTLLW3LXYY77MMPEP
RWTWY38RJRKY788HWN,https://apps.apple.com/redeem?ctx=offercodes&id=6757223698&code=RWTWY38RJRKY788HWN
3LHNRYX8R8TXEYNLM4,https://apps.apple.com/redeem?ctx=offercodes&id=6757223698&code=3LHNRYX8R8TXEYNLM4
A8M66LLP8MWA8LKAF3,https://apps.apple.com/redeem?ctx=offercodes&id=6757223698&code=A8M66LLP8MWA8LKAF3
F8P66RYLNLRFTA3HKN,https://apps.apple.com/redeem?ctx=offercodes&id=6757223698&code=F8P66RYLNLRFTA3HKN
T88A4P8JY48KFY3NFA,https://apps.apple.com/redeem?ctx=offercodes&id=6757223698&code=T88A4P8JY48KFY3NFA
JN6K3FK4EHTWEMNEKM,https://apps.apple.com/redeem?ctx=offercodes&id=6757223698&code=JN6K3FK4EHTWEMNEKM
XRAL7P4AE8FAAAT88M,https://apps.apple.com/redeem?ctx=offercodes&id=6757223698&code=XRAL7P4AE8FAAAT88M
MTFR8TFFNRJTFKHN7J,https://apps.apple.com/redeem?ctx=offercodes&id=6757223698&code=MTFR8TFFNRJTFKHN7J
PK3YHNW7YTPEJH73WX,https://apps.apple.com/redeem?ctx=offercodes&id=6757223698&code=PK3YHNW7YTPEJH73WX
WPAA346W6MM786AP6A,https://apps.apple.com/redeem?ctx=offercodes&id=6757223698&code=WPAA346W6MM786AP6A
KE8KNY7ANJ46NYNMLX,https://apps.apple.com/redeem?ctx=offercodes&id=6757223698&code=KE8KNY7ANJ46NYNMLX
7YPEFAKY3X7N7TPAW8,https://apps.apple.com/redeem?ctx=offercodes&id=6757223698&code=7YPEFAKY3X7N7TPAW8
X3MR4ENKL6JK8T3M7X,https://apps.apple.com/redeem?ctx=offercodes&id=6757223698&code=X3MR4ENKL6JK8T3M7X
YXPHFH7EJ7PNTM6TN6,https://apps.apple.com/redeem?ctx=offercodes&id=6757223698&code=YXPHFH7EJ7PNTM6TN6
NFA66P3AALR6FHWH34,https://apps.apple.com/redeem?ctx=offercodes&id=6757223698&code=NFA66P3AALR6FHWH34
PK4LTEK3RELXH4T6MJ,https://apps.apple.com/redeem?ctx=offercodes&id=6757223698&code=PK4LTEK3RELXH4T6MJ
PTPYHXYJRYFY3K6MNE,https://apps.apple.com/redeem?ctx=offercodes&id=6757223698&code=PTPYHXYJRYFY3K6MNE
