--> TANJA 01.06.2026 --> Y63JLX743PLFMRPLYJ,https://apps.apple.com/redeem?ctx=offercodes&id=6757223698&code=Y63JLX743PLFMRPLYJ
--> NIKO 01.06.2026 --> KEHE36487PKAEWARNT,https://apps.apple.com/redeem?ctx=offercodes&id=6757223698&code=KEHE36487PKAEWARNT
W3AFJYM6JRH8P7XP6N,https://apps.apple.com/redeem?ctx=offercodes&id=6757223698&code=W3AFJYM6JRH8P7XP6N
LE7RWLHMRNRKPYR88F,https://apps.apple.com/redeem?ctx=offercodes&id=6757223698&code=LE7RWLHMRNRKPYR88F
TJEPYJNFXYEF6PR7WK,https://apps.apple.com/redeem?ctx=offercodes&id=6757223698&code=TJEPYJNFXYEF6PR7WK
JMW8L74YN64T77RYMT,https://apps.apple.com/redeem?ctx=offercodes&id=6757223698&code=JMW8L74YN64T77RYMT
4H7NL6JXN7RFEFTT3L,https://apps.apple.com/redeem?ctx=offercodes&id=6757223698&code=4H7NL6JXN7RFEFTT3L
E8AHFWTTEMTXXF7PP3,https://apps.apple.com/redeem?ctx=offercodes&id=6757223698&code=E8AHFWTTEMTXXF7PP3
TM3K8PKRMNYM4JA48P,https://apps.apple.com/redeem?ctx=offercodes&id=6757223698&code=TM3K8PKRMNYM4JA48P
7JRFNKENAA8J8XK4J8,https://apps.apple.com/redeem?ctx=offercodes&id=6757223698&code=7JRFNKENAA8J8XK4J8
YL44W73ELRY4KR3XEK,https://apps.apple.com/redeem?ctx=offercodes&id=6757223698&code=YL44W73ELRY4KR3XEK
LMMHT8K3AX73YW6KEL,https://apps.apple.com/redeem?ctx=offercodes&id=6757223698&code=LMMHT8K3AX73YW6KEL
7TPEEY7NP7J7P8XRHA,https://apps.apple.com/redeem?ctx=offercodes&id=6757223698&code=7TPEEY7NP7J7P8XRHA
ERJNMJX37P3KYJL8YL,https://apps.apple.com/redeem?ctx=offercodes&id=6757223698&code=ERJNMJX37P3KYJL8YL
83WJ648JRNT84NYMLL,https://apps.apple.com/redeem?ctx=offercodes&id=6757223698&code=83WJ648JRNT84NYMLL
4EN8FHP6K3K66NMPFL,https://apps.apple.com/redeem?ctx=offercodes&id=6757223698&code=4EN8FHP6K3K66NMPFL
XJ3Y64WKM8XTNTHLEN,https://apps.apple.com/redeem?ctx=offercodes&id=6757223698&code=XJ3Y64WKM8XTNTHLEN
XXLX37LWRMLLWHJ7XL,https://apps.apple.com/redeem?ctx=offercodes&id=6757223698&code=XXLX37LWRMLLWHJ7XL
RK7L3RXR67XXWFR8FK,https://apps.apple.com/redeem?ctx=offercodes&id=6757223698&code=RK7L3RXR67XXWFR8FK
T4LLJ3J7YJF4773FXL,https://apps.apple.com/redeem?ctx=offercodes&id=6757223698&code=T4LLJ3J7YJF4773FXL
3R8YAYM3JJPLRRYJJM,https://apps.apple.com/redeem?ctx=offercodes&id=6757223698&code=3R8YAYM3JJPLRRYJJM
MM883EE7AAJFMMKL63,https://apps.apple.com/redeem?ctx=offercodes&id=6757223698&code=MM883EE7AAJFMMKL63
FE8PJJ83MN3PNT7EEY,https://apps.apple.com/redeem?ctx=offercodes&id=6757223698&code=FE8PJJ83MN3PNT7EEY
RLNEKP437RA7FX3AAY,https://apps.apple.com/redeem?ctx=offercodes&id=6757223698&code=RLNEKP437RA7FX3AAY
M7XLMY4NFFA37FXYFK,https://apps.apple.com/redeem?ctx=offercodes&id=6757223698&code=M7XLMY4NFFA37FXYFK
PA88MXNP4A7HNWJFP8,https://apps.apple.com/redeem?ctx=offercodes&id=6757223698&code=PA88MXNP4A7HNWJFP8
NNWTHN4JMH6K7LMNXA,https://apps.apple.com/redeem?ctx=offercodes&id=6757223698&code=NNWTHN4JMH6K7LMNXA
FFHT4R4FNXAFWWRFX6,https://apps.apple.com/redeem?ctx=offercodes&id=6757223698&code=FFHT4R4FNXAFWWRFX6
WNRTJPL744JEKMFWEY,https://apps.apple.com/redeem?ctx=offercodes&id=6757223698&code=WNRTJPL744JEKMFWEY
3JHNXEPK4AHY4MEWEH,https://apps.apple.com/redeem?ctx=offercodes&id=6757223698&code=3JHNXEPK4AHY4MEWEH
6HM7TXJWAPEHTL36NL,https://apps.apple.com/redeem?ctx=offercodes&id=6757223698&code=6HM7TXJWAPEHTL36NL
PFPYEPK3LHY6HN8XFA,https://apps.apple.com/redeem?ctx=offercodes&id=6757223698&code=PFPYEPK3LHY6HN8XFA
JWRNRAJWPWF6ML4LEE,https://apps.apple.com/redeem?ctx=offercodes&id=6757223698&code=JWRNRAJWPWF6ML4LEE
PRT7TER8XWJ6MYKWRK,https://apps.apple.com/redeem?ctx=offercodes&id=6757223698&code=PRT7TER8XWJ6MYKWRK
EMMPT46XTFKHHYYN46,https://apps.apple.com/redeem?ctx=offercodes&id=6757223698&code=EMMPT46XTFKHHYYN46
RETNK7MRXXPXFEKLNT,https://apps.apple.com/redeem?ctx=offercodes&id=6757223698&code=RETNK7MRXXPXFEKLNT
E3X7HJNNK6RR6YRJEK,https://apps.apple.com/redeem?ctx=offercodes&id=6757223698&code=E3X7HJNNK6RR6YRJEK
REX3LNTYRT8JPKKKEH,https://apps.apple.com/redeem?ctx=offercodes&id=6757223698&code=REX3LNTYRT8JPKKKEH
AJL7TFWK66TMXJT4F4,https://apps.apple.com/redeem?ctx=offercodes&id=6757223698&code=AJL7TFWK66TMXJT4F4
WPELPX7YALXRHFENJF,https://apps.apple.com/redeem?ctx=offercodes&id=6757223698&code=WPELPX7YALXRHFENJF
W4TKJXPAKNXN7WXNXL,https://apps.apple.com/redeem?ctx=offercodes&id=6757223698&code=W4TKJXPAKNXN7WXNXL
3RT4KNEERWJKTXRHE6,https://apps.apple.com/redeem?ctx=offercodes&id=6757223698&code=3RT4KNEERWJKTXRHE6
JLFLPPYKL3MRP33AH3,https://apps.apple.com/redeem?ctx=offercodes&id=6757223698&code=JLFLPPYKL3MRP33AH3
TTE8TTPMWLWHH4KWRY,https://apps.apple.com/redeem?ctx=offercodes&id=6757223698&code=TTE8TTPMWLWHH4KWRY
TFJRAPP8LMMNYFX4XM,https://apps.apple.com/redeem?ctx=offercodes&id=6757223698&code=TFJRAPP8LMMNYFX4XM
ENJAEXLMEHRREEMHYL,https://apps.apple.com/redeem?ctx=offercodes&id=6757223698&code=ENJAEXLMEHRREEMHYL
N8FNEFKETWA636J4NJ,https://apps.apple.com/redeem?ctx=offercodes&id=6757223698&code=N8FNEFKETWA636J4NJ
P4KN4H6RARLHFRJPNL,https://apps.apple.com/redeem?ctx=offercodes&id=6757223698&code=P4KN4H6RARLHFRJPNL
F63YTM7XKTN8KRE8YE,https://apps.apple.com/redeem?ctx=offercodes&id=6757223698&code=F63YTM7XKTN8KRE8YE
AKX4X8E6JEJPXP7A8H,https://apps.apple.com/redeem?ctx=offercodes&id=6757223698&code=AKX4X8E6JEJPXP7A8H
T7NLM7XTXFPFLP6HEF,https://apps.apple.com/redeem?ctx=offercodes&id=6757223698&code=T7NLM7XTXFPFLP6HEF
Y78KNM4EAMJHTKLWY8,https://apps.apple.com/redeem?ctx=offercodes&id=6757223698&code=Y78KNM4EAMJHTKLWY8
M83HM6PFJMRTYN76HA,https://apps.apple.com/redeem?ctx=offercodes&id=6757223698&code=M83HM6PFJMRTYN76HA
476E7MJF7HRP63TMYM,https://apps.apple.com/redeem?ctx=offercodes&id=6757223698&code=476E7MJF7HRP63TMYM
RFKLMFEXEMJN8JTN4N,https://apps.apple.com/redeem?ctx=offercodes&id=6757223698&code=RFKLMFEXEMJN8JTN4N
3PMLYNX7KHKYRRPXHX,https://apps.apple.com/redeem?ctx=offercodes&id=6757223698&code=3PMLYNX7KHKYRRPXHX
N67KFM7P3FL4P3KAWP,https://apps.apple.com/redeem?ctx=offercodes&id=6757223698&code=N67KFM7P3FL4P3KAWP
MEAPELFEMXJ7N8PYAP,https://apps.apple.com/redeem?ctx=offercodes&id=6757223698&code=MEAPELFEMXJ7N8PYAP
6L6K3XF3XKW4LRFAE8,https://apps.apple.com/redeem?ctx=offercodes&id=6757223698&code=6L6K3XF3XKW4LRFAE8
WWEW7YKY7X6YW6FX8X,https://apps.apple.com/redeem?ctx=offercodes&id=6757223698&code=WWEW7YKY7X6YW6FX8X
7XEEXFMPMJRNPYWNT6,https://apps.apple.com/redeem?ctx=offercodes&id=6757223698&code=7XEEXFMPMJRNPYWNT6
FFMLXKMJYTFTYTHH8K,https://apps.apple.com/redeem?ctx=offercodes&id=6757223698&code=FFMLXKMJYTFTYTHH8K
RJXM7RLFAHTMPH67WM,https://apps.apple.com/redeem?ctx=offercodes&id=6757223698&code=RJXM7RLFAHTMPH67WM
MPMPFH36FKNNTH6AF8,https://apps.apple.com/redeem?ctx=offercodes&id=6757223698&code=MPMPFH36FKNNTH6AF8
MH38PRJH3M66JNM6K3,https://apps.apple.com/redeem?ctx=offercodes&id=6757223698&code=MH38PRJH3M66JNM6K3
E386HLPEFPM446ARWF,https://apps.apple.com/redeem?ctx=offercodes&id=6757223698&code=E386HLPEFPM446ARWF
P33TPP64P3JTKXF6NY,https://apps.apple.com/redeem?ctx=offercodes&id=6757223698&code=P33TPP64P3JTKXF6NY
YAALPXR878NA3TJJEY,https://apps.apple.com/redeem?ctx=offercodes&id=6757223698&code=YAALPXR878NA3TJJEY
7RR7TRTMRLW7NXAY3L,https://apps.apple.com/redeem?ctx=offercodes&id=6757223698&code=7RR7TRTMRLW7NXAY3L
TYJFXJT4E3KHY7ANMH,https://apps.apple.com/redeem?ctx=offercodes&id=6757223698&code=TYJFXJT4E3KHY7ANMH
KP8WWAT3RLXA3YWEEX,https://apps.apple.com/redeem?ctx=offercodes&id=6757223698&code=KP8WWAT3RLXA3YWEEX
MJWYYNYMNRRJK63RHN,https://apps.apple.com/redeem?ctx=offercodes&id=6757223698&code=MJWYYNYMNRRJK63RHN
R3KK3FJ7KFH64W64P7,https://apps.apple.com/redeem?ctx=offercodes&id=6757223698&code=R3KK3FJ7KFH64W64P7
F3HNHFXRYLFX64N86K,https://apps.apple.com/redeem?ctx=offercodes&id=6757223698&code=F3HNHFXRYLFX64N86K
TFWH88XMREXFNLNFPP,https://apps.apple.com/redeem?ctx=offercodes&id=6757223698&code=TFWH88XMREXFNLNFPP
FLLHMYWLKRMTHFPJT8,https://apps.apple.com/redeem?ctx=offercodes&id=6757223698&code=FLLHMYWLKRMTHFPJT8
LMNERY7JWXAP8LYXLJ,https://apps.apple.com/redeem?ctx=offercodes&id=6757223698&code=LMNERY7JWXAP8LYXLJ
EEEYRJ6XTE4YP74HLF,https://apps.apple.com/redeem?ctx=offercodes&id=6757223698&code=EEEYRJ6XTE4YP74HLF
8NMHLP4FTKJ67HNMJL,https://apps.apple.com/redeem?ctx=offercodes&id=6757223698&code=8NMHLP4FTKJ67HNMJL
YPR38JLJKJF8APLLJ6,https://apps.apple.com/redeem?ctx=offercodes&id=6757223698&code=YPR38JLJKJF8APLLJ6
A3R6XAYMEHNAERLNW3,https://apps.apple.com/redeem?ctx=offercodes&id=6757223698&code=A3R6XAYMEHNAERLNW3
6AEEFR4N6TW6R4E47F,https://apps.apple.com/redeem?ctx=offercodes&id=6757223698&code=6AEEFR4N6TW6R4E47F
YH8H3M6RAATKATNYJY,https://apps.apple.com/redeem?ctx=offercodes&id=6757223698&code=YH8H3M6RAATKATNYJY
APKY7JNPA4AHL8PNFN,https://apps.apple.com/redeem?ctx=offercodes&id=6757223698&code=APKY7JNPA4AHL8PNFN
6HPPW48JR6TE64YFKM,https://apps.apple.com/redeem?ctx=offercodes&id=6757223698&code=6HPPW48JR6TE64YFKM
LAKAXFTRNRWF4HMTNY,https://apps.apple.com/redeem?ctx=offercodes&id=6757223698&code=LAKAXFTRNRWF4HMTNY
L6MF3R8RXWXWYLLXYR,https://apps.apple.com/redeem?ctx=offercodes&id=6757223698&code=L6MF3R8RXWXWYLLXYR
FNFFF7A44H4EEAHTM7,https://apps.apple.com/redeem?ctx=offercodes&id=6757223698&code=FNFFF7A44H4EEAHTM7
HENA33LH7NYJ8YPL8P,https://apps.apple.com/redeem?ctx=offercodes&id=6757223698&code=HENA33LH7NYJ8YPL8P
APWWW8A4TXL36MHWJ8,https://apps.apple.com/redeem?ctx=offercodes&id=6757223698&code=APWWW8A4TXL36MHWJ8
786YLTN73PFAEJW3HH,https://apps.apple.com/redeem?ctx=offercodes&id=6757223698&code=786YLTN73PFAEJW3HH
3TPHKMR6J3T6NFR8HJ,https://apps.apple.com/redeem?ctx=offercodes&id=6757223698&code=3TPHKMR6J3T6NFR8HJ
7THY3TJHXARA4PPAEE,https://apps.apple.com/redeem?ctx=offercodes&id=6757223698&code=7THY3TJHXARA4PPAEE
YJTL8WLAK647JP6NWK,https://apps.apple.com/redeem?ctx=offercodes&id=6757223698&code=YJTL8WLAK647JP6NWK
EPLNJLXER3Y3PFLPNK,https://apps.apple.com/redeem?ctx=offercodes&id=6757223698&code=EPLNJLXER3Y3PFLPNK
PEN87PRWMMY7JKLWA6,https://apps.apple.com/redeem?ctx=offercodes&id=6757223698&code=PEN87PRWMMY7JKLWA6
TRRMNPNYAK6L8Y68YA,https://apps.apple.com/redeem?ctx=offercodes&id=6757223698&code=TRRMNPNYAK6L8Y68YA
MXRAPM6L3KXNLPHAWL,https://apps.apple.com/redeem?ctx=offercodes&id=6757223698&code=MXRAPM6L3KXNLPHAWL
KFYEE337YXWEF8H8TW,https://apps.apple.com/redeem?ctx=offercodes&id=6757223698&code=KFYEE337YXWEF8H8TW
M34JNA3HFYL8364L3J,https://apps.apple.com/redeem?ctx=offercodes&id=6757223698&code=M34JNA3HFYL8364L3J
4873WA6RNT4PT836KK,https://apps.apple.com/redeem?ctx=offercodes&id=6757223698&code=4873WA6RNT4PT836KK
3YWXAT7W6ANN7T7NMT,https://apps.apple.com/redeem?ctx=offercodes&id=6757223698&code=3YWXAT7W6ANN7T7NMT
KNFHKPXKXRWKRYXE3K,https://apps.apple.com/redeem?ctx=offercodes&id=6757223698&code=KNFHKPXKXRWKRYXE3K
HFYHER7MW3WA8H86KP,https://apps.apple.com/redeem?ctx=offercodes&id=6757223698&code=HFYHER7MW3WA8H86KP
8J3TFP7PYPJAEN4WJ4,https://apps.apple.com/redeem?ctx=offercodes&id=6757223698&code=8J3TFP7PYPJAEN4WJ4
L7XN7JWYAPEXLXEEMJ,https://apps.apple.com/redeem?ctx=offercodes&id=6757223698&code=L7XN7JWYAPEXLXEEMJ
JMWW8HM7P4PA3MF46M,https://apps.apple.com/redeem?ctx=offercodes&id=6757223698&code=JMWW8HM7P4PA3MF46M
74EHPH7ET6RMLAFPPH,https://apps.apple.com/redeem?ctx=offercodes&id=6757223698&code=74EHPH7ET6RMLAFPPH
4WJ6WYAPAA6TTLRJWL,https://apps.apple.com/redeem?ctx=offercodes&id=6757223698&code=4WJ6WYAPAA6TTLRJWL
K4KL3M38W8HH4W34HH,https://apps.apple.com/redeem?ctx=offercodes&id=6757223698&code=K4KL3M38W8HH4W34HH
KM8J4LEAF6E8KA4NA8,https://apps.apple.com/redeem?ctx=offercodes&id=6757223698&code=KM8J4LEAF6E8KA4NA8
KYWN6XPHAAPL4AKH66,https://apps.apple.com/redeem?ctx=offercodes&id=6757223698&code=KYWN6XPHAAPL4AKH66
JW6A4WYXYWLM4FPJFM,https://apps.apple.com/redeem?ctx=offercodes&id=6757223698&code=JW6A4WYXYWLM4FPJFM
AWHHTA884P8EY4FJLA,https://apps.apple.com/redeem?ctx=offercodes&id=6757223698&code=AWHHTA884P8EY4FJLA
JT4J3N7N7NXX7K3JNE,https://apps.apple.com/redeem?ctx=offercodes&id=6757223698&code=JT4J3N7N7NXX7K3JNE
MNT6PYF68HHPWA6XN3,https://apps.apple.com/redeem?ctx=offercodes&id=6757223698&code=MNT6PYF68HHPWA6XN3
4ELEHLRTNH48P6W8P8,https://apps.apple.com/redeem?ctx=offercodes&id=6757223698&code=4ELEHLRTNH48P6W8P8
8733TL37XRTNF77TKY,https://apps.apple.com/redeem?ctx=offercodes&id=6757223698&code=8733TL37XRTNF77TKY
R6MJRXA38AFWAETYH3,https://apps.apple.com/redeem?ctx=offercodes&id=6757223698&code=R6MJRXA38AFWAETYH3
T3NNWW4PHLN6FX37LF,https://apps.apple.com/redeem?ctx=offercodes&id=6757223698&code=T3NNWW4PHLN6FX37LF
ENL7MAXXJATWT4A7W3,https://apps.apple.com/redeem?ctx=offercodes&id=6757223698&code=ENL7MAXXJATWT4A7W3
TLAMJJR7HN7M6LNJE8,https://apps.apple.com/redeem?ctx=offercodes&id=6757223698&code=TLAMJJR7HN7M6LNJE8
A3HPXYHMFNRPWX73MF,https://apps.apple.com/redeem?ctx=offercodes&id=6757223698&code=A3HPXYHMFNRPWX73MF
PRLFMML7RAY7WFJATJ,https://apps.apple.com/redeem?ctx=offercodes&id=6757223698&code=PRLFMML7RAY7WFJATJ
JLHY88WKLPX7AJXXA6,https://apps.apple.com/redeem?ctx=offercodes&id=6757223698&code=JLHY88WKLPX7AJXXA6
X7FLKHXM6M836RRT7T,https://apps.apple.com/redeem?ctx=offercodes&id=6757223698&code=X7FLKHXM6M836RRT7T
WJJKLYHNF7XXALXAPY,https://apps.apple.com/redeem?ctx=offercodes&id=6757223698&code=WJJKLYHNF7XXALXAPY
WTMNL8P84KRETP8WP6,https://apps.apple.com/redeem?ctx=offercodes&id=6757223698&code=WTMNL8P84KRETP8WP6
LAANH3XKYL7P7KWHXM,https://apps.apple.com/redeem?ctx=offercodes&id=6757223698&code=LAANH3XKYL7P7KWHXM
K6J64NAW64XXXPRMKA,https://apps.apple.com/redeem?ctx=offercodes&id=6757223698&code=K6J64NAW64XXXPRMKA
X46NF7EYRW8Y48AFYT,https://apps.apple.com/redeem?ctx=offercodes&id=6757223698&code=X46NF7EYRW8Y48AFYT
FHJ7X76RW48MJXFW4R,https://apps.apple.com/redeem?ctx=offercodes&id=6757223698&code=FHJ7X76RW48MJXFW4R
R8KMMYR7FXMKT3LXHX,https://apps.apple.com/redeem?ctx=offercodes&id=6757223698&code=R8KMMYR7FXMKT3LXHX
33KAF3FHY8YNMXJYAM,https://apps.apple.com/redeem?ctx=offercodes&id=6757223698&code=33KAF3FHY8YNMXJYAM
LHWR84WX3PAREP7Y3E,https://apps.apple.com/redeem?ctx=offercodes&id=6757223698&code=LHWR84WX3PAREP7Y3E
F4LYERTAE3WWK7M6HK,https://apps.apple.com/redeem?ctx=offercodes&id=6757223698&code=F4LYERTAE3WWK7M6HK
RHX3W6XLAFWTPA8H3M,https://apps.apple.com/redeem?ctx=offercodes&id=6757223698&code=RHX3W6XLAFWTPA8H3M
PTT367JW38N3Y3JA3T,https://apps.apple.com/redeem?ctx=offercodes&id=6757223698&code=PTT367JW38N3Y3JA3T
3LHYW8ERHH7EERY4WF,https://apps.apple.com/redeem?ctx=offercodes&id=6757223698&code=3LHYW8ERHH7EERY4WF
HXFMMRTX8PYPJPL7X8,https://apps.apple.com/redeem?ctx=offercodes&id=6757223698&code=HXFMMRTX8PYPJPL7X8
J3PHPRJMMJNHLLKPLT,https://apps.apple.com/redeem?ctx=offercodes&id=6757223698&code=J3PHPRJMMJNHLLKPLT
L8K8JJ6XWJLWH8X84F,https://apps.apple.com/redeem?ctx=offercodes&id=6757223698&code=L8K8JJ6XWJLWH8X84F
6MT3Y4EEWWMF6LJXAP,https://apps.apple.com/redeem?ctx=offercodes&id=6757223698&code=6MT3Y4EEWWMF6LJXAP
6468FTMHAXMTJ83PH8,https://apps.apple.com/redeem?ctx=offercodes&id=6757223698&code=6468FTMHAXMTJ83PH8
M6JTY6A4NWPLX7AT7J,https://apps.apple.com/redeem?ctx=offercodes&id=6757223698&code=M6JTY6A4NWPLX7AT7J
XNLKTH6RRF34XTYLAJ,https://apps.apple.com/redeem?ctx=offercodes&id=6757223698&code=XNLKTH6RRF34XTYLAJ
FPW3A8MF6RW474LKML,https://apps.apple.com/redeem?ctx=offercodes&id=6757223698&code=FPW3A8MF6RW474LKML
TYPJY4P8LPRFM8LMAH,https://apps.apple.com/redeem?ctx=offercodes&id=6757223698&code=TYPJY4P8LPRFM8LMAH
NJA3J7WA7RHN6HFHMN,https://apps.apple.com/redeem?ctx=offercodes&id=6757223698&code=NJA3J7WA7RHN6HFHMN
FPYE34A88EMJ8ENLY3,https://apps.apple.com/redeem?ctx=offercodes&id=6757223698&code=FPYE34A88EMJ8ENLY3
M7ALKM38ATTNET4H4P,https://apps.apple.com/redeem?ctx=offercodes&id=6757223698&code=M7ALKM38ATTNET4H4P
JP3H4RYMAYHAT6JMXM,https://apps.apple.com/redeem?ctx=offercodes&id=6757223698&code=JP3H4RYMAYHAT6JMXM
WWNLTYFJL48LHFFT68,https://apps.apple.com/redeem?ctx=offercodes&id=6757223698&code=WWNLTYFJL48LHFFT68
TKMME6HX6TYK6X88WF,https://apps.apple.com/redeem?ctx=offercodes&id=6757223698&code=TKMME6HX6TYK6X88WF
EKRTYYTPXLKR8MKYF7,https://apps.apple.com/redeem?ctx=offercodes&id=6757223698&code=EKRTYYTPXLKR8MKYF7
TMTKXYL7TTY4FEW366,https://apps.apple.com/redeem?ctx=offercodes&id=6757223698&code=TMTKXYL7TTY4FEW366
8YM6YNLJ8T6EH8KPKM,https://apps.apple.com/redeem?ctx=offercodes&id=6757223698&code=8YM6YNLJ8T6EH8KPKM
4AEPAJWJRAT3A7Y6YF,https://apps.apple.com/redeem?ctx=offercodes&id=6757223698&code=4AEPAJWJRAT3A7Y6YF
A7L7EWT3LXPYARJJWE,https://apps.apple.com/redeem?ctx=offercodes&id=6757223698&code=A7L7EWT3LXPYARJJWE
RKFNFE4AL4Y8ME3L86,https://apps.apple.com/redeem?ctx=offercodes&id=6757223698&code=RKFNFE4AL4Y8ME3L86
7WHNXK7NTF6JYPKMFY,https://apps.apple.com/redeem?ctx=offercodes&id=6757223698&code=7WHNXK7NTF6JYPKMFY
EA637LHL3PARH7H64H,https://apps.apple.com/redeem?ctx=offercodes&id=6757223698&code=EA637LHL3PARH7H64H
AHYJFKHWW7LNF8WAKP,https://apps.apple.com/redeem?ctx=offercodes&id=6757223698&code=AHYJFKHWW7LNF8WAKP
J4HMYYFLP6XEHKE8MW,https://apps.apple.com/redeem?ctx=offercodes&id=6757223698&code=J4HMYYFLP6XEHKE8MW
87JT4FKAJNP3W777LJ,https://apps.apple.com/redeem?ctx=offercodes&id=6757223698&code=87JT4FKAJNP3W777LJ
4LY3MMXMEME48FKHHF,https://apps.apple.com/redeem?ctx=offercodes&id=6757223698&code=4LY3MMXMEME48FKHHF
FHPMH4LHJ6NAYHNXRT,https://apps.apple.com/redeem?ctx=offercodes&id=6757223698&code=FHPMH4LHJ6NAYHNXRT
6KLLY7TLMELHLHMMTE,https://apps.apple.com/redeem?ctx=offercodes&id=6757223698&code=6KLLY7TLMELHLHMMTE
JPWJFLTLH7PAJ8R33F,https://apps.apple.com/redeem?ctx=offercodes&id=6757223698&code=JPWJFLTLH7PAJ8R33F
LRPREPMKEMY3WJ8ANL,https://apps.apple.com/redeem?ctx=offercodes&id=6757223698&code=LRPREPMKEMY3WJ8ANL
RW3PJMKAM8WT8H674M,https://apps.apple.com/redeem?ctx=offercodes&id=6757223698&code=RW3PJMKAM8WT8H674M
YPWAANXYWHY6JT4JRF,https://apps.apple.com/redeem?ctx=offercodes&id=6757223698&code=YPWAANXYWHY6JT4JRF
YJA7FHWXWLX8YMPHEP,https://apps.apple.com/redeem?ctx=offercodes&id=6757223698&code=YJA7FHWXWLX8YMPHEP
L7AMYXWE7JH7F7WT8X,https://apps.apple.com/redeem?ctx=offercodes&id=6757223698&code=L7AMYXWE7JH7F7WT8X
PW6K36FLHR4F4LA76M,https://apps.apple.com/redeem?ctx=offercodes&id=6757223698&code=PW6K36FLHR4F4LA76M
3N7A73E3PP3L6XLAEX,https://apps.apple.com/redeem?ctx=offercodes&id=6757223698&code=3N7A73E3PP3L6XLAEX
R3YT4FWAFFYALMPHFY,https://apps.apple.com/redeem?ctx=offercodes&id=6757223698&code=R3YT4FWAFFYALMPHFY
XW8E7YX4NWNPNAA8P6,https://apps.apple.com/redeem?ctx=offercodes&id=6757223698&code=XW8E7YX4NWNPNAA8P6
6R6MJ8FA8JFXF6KMYW,https://apps.apple.com/redeem?ctx=offercodes&id=6757223698&code=6R6MJ8FA8JFXF6KMYW
4E6M7JJMMMYFKX3R8W,https://apps.apple.com/redeem?ctx=offercodes&id=6757223698&code=4E6M7JJMMMYFKX3R8W
33WL3JTNXW86RTTMYE,https://apps.apple.com/redeem?ctx=offercodes&id=6757223698&code=33WL3JTNXW86RTTMYE
KRLWRERKXFP47FHMFM,https://apps.apple.com/redeem?ctx=offercodes&id=6757223698&code=KRLWRERKXFP47FHMFM
YWN46KELMJT84J7PPN,https://apps.apple.com/redeem?ctx=offercodes&id=6757223698&code=YWN46KELMJT84J7PPN
LMFKT6R8HK86PMH7EF,https://apps.apple.com/redeem?ctx=offercodes&id=6757223698&code=LMFKT6R8HK86PMH7EF
M4K7RYNFJE88A78RJ4,https://apps.apple.com/redeem?ctx=offercodes&id=6757223698&code=M4K7RYNFJE88A78RJ4
8LM7YFJY368TPRNYHN,https://apps.apple.com/redeem?ctx=offercodes&id=6757223698&code=8LM7YFJY368TPRNYHN
EKTHFPJ6KX7JNYK8RR,https://apps.apple.com/redeem?ctx=offercodes&id=6757223698&code=EKTHFPJ6KX7JNYK8RR
YYMXEJJPE6K7NEHY38,https://apps.apple.com/redeem?ctx=offercodes&id=6757223698&code=YYMXEJJPE6K7NEHY38
A6N7KM3YWANX7K6MTK,https://apps.apple.com/redeem?ctx=offercodes&id=6757223698&code=A6N7KM3YWANX7K6MTK
XMX36X3Y36MMH7ANP4,https://apps.apple.com/redeem?ctx=offercodes&id=6757223698&code=XMX36X3Y36MMH7ANP4
MY6LL3KM6KMREWHNM7,https://apps.apple.com/redeem?ctx=offercodes&id=6757223698&code=MY6LL3KM6KMREWHNM7
FYYFKAKLFH6FKW3WF8,https://apps.apple.com/redeem?ctx=offercodes&id=6757223698&code=FYYFKAKLFH6FKW3WF8
3PXTNKK4WLPMWY3K3K,https://apps.apple.com/redeem?ctx=offercodes&id=6757223698&code=3PXTNKK4WLPMWY3K3K
JLNAXWYAXJEHKH3W8J,https://apps.apple.com/redeem?ctx=offercodes&id=6757223698&code=JLNAXWYAXJEHKH3W8J
6FTK7J87XFMEPJJMJ7,https://apps.apple.com/redeem?ctx=offercodes&id=6757223698&code=6FTK7J87XFMEPJJMJ7
K3F7T3J6Y74HNPXFX7,https://apps.apple.com/redeem?ctx=offercodes&id=6757223698&code=K3F7T3J6Y74HNPXFX7
X8JKLJ6NRA88R3XPTP,https://apps.apple.com/redeem?ctx=offercodes&id=6757223698&code=X8JKLJ6NRA88R3XPTP
PMX6A48LHA6KNW83T6,https://apps.apple.com/redeem?ctx=offercodes&id=6757223698&code=PMX6A48LHA6KNW83T6
AMWWY6WAAHPPPAK43T,https://apps.apple.com/redeem?ctx=offercodes&id=6757223698&code=AMWWY6WAAHPPPAK43T
R4ATX8LPXRT4ALM87Y,https://apps.apple.com/redeem?ctx=offercodes&id=6757223698&code=R4ATX8LPXRT4ALM87Y
3KEAAMFE877H3MPYA3,https://apps.apple.com/redeem?ctx=offercodes&id=6757223698&code=3KEAAMFE877H3MPYA3
PMALEWLLMLLKWEA4XX,https://apps.apple.com/redeem?ctx=offercodes&id=6757223698&code=PMALEWLLMLLKWEA4XX
L47AKNM8MMP44Y48R7,https://apps.apple.com/redeem?ctx=offercodes&id=6757223698&code=L47AKNM8MMP44Y48R7
MMP4RLH333KKYLE47R,https://apps.apple.com/redeem?ctx=offercodes&id=6757223698&code=MMP4RLH333KKYLE47R
X8FKYNJPANJFJKN7PP,https://apps.apple.com/redeem?ctx=offercodes&id=6757223698&code=X8FKYNJPANJFJKN7PP
H3HW6HWLFTW8JYLYXX,https://apps.apple.com/redeem?ctx=offercodes&id=6757223698&code=H3HW6HWLFTW8JYLYXX
7MEY3JJPT3HPRKX7PX,https://apps.apple.com/redeem?ctx=offercodes&id=6757223698&code=7MEY3JJPT3HPRKX7PX
NENM36LFXNY838JFTL,https://apps.apple.com/redeem?ctx=offercodes&id=6757223698&code=NENM36LFXNY838JFTL
EHP4PFRPNFF3FMRHMH,https://apps.apple.com/redeem?ctx=offercodes&id=6757223698&code=EHP4PFRPNFF3FMRHMH
WLE8T8X3JYEL6T4643,https://apps.apple.com/redeem?ctx=offercodes&id=6757223698&code=WLE8T8X3JYEL6T4643
WWXTANXLMP6L68AH4L,https://apps.apple.com/redeem?ctx=offercodes&id=6757223698&code=WWXTANXLMP6L68AH4L
LAW36EEXTNM6HM78FP,https://apps.apple.com/redeem?ctx=offercodes&id=6757223698&code=LAW36EEXTNM6HM78FP
TXW4LMY36PKNKFJT7M,https://apps.apple.com/redeem?ctx=offercodes&id=6757223698&code=TXW4LMY36PKNKFJT7M
FP4RM34TXH6PN7XW4P,https://apps.apple.com/redeem?ctx=offercodes&id=6757223698&code=FP4RM34TXH6PN7XW4P
PANK6XATATAX44AETP,https://apps.apple.com/redeem?ctx=offercodes&id=6757223698&code=PANK6XATATAX44AETP
6FJA44L488X6XRJL6K,https://apps.apple.com/redeem?ctx=offercodes&id=6757223698&code=6FJA44L488X6XRJL6K
KXPJ7AJ6XFJKRL3WH3,https://apps.apple.com/redeem?ctx=offercodes&id=6757223698&code=KXPJ7AJ6XFJKRL3WH3
4A6TA6K464XPRM3E3W,https://apps.apple.com/redeem?ctx=offercodes&id=6757223698&code=4A6TA6K464XPRM3E3W
Y4P3KFRX4YAJP66KYA,https://apps.apple.com/redeem?ctx=offercodes&id=6757223698&code=Y4P3KFRX4YAJP66KYA
PRJ7NKHMLHEFMWRHY6,https://apps.apple.com/redeem?ctx=offercodes&id=6757223698&code=PRJ7NKHMLHEFMWRHY6
8N7EEWJAJY6XTRTRET,https://apps.apple.com/redeem?ctx=offercodes&id=6757223698&code=8N7EEWJAJY6XTRTRET
LWENARAX4K6LHNP84Y,https://apps.apple.com/redeem?ctx=offercodes&id=6757223698&code=LWENARAX4K6LHNP84Y
TAH3KW7LTM88P7ETA6,https://apps.apple.com/redeem?ctx=offercodes&id=6757223698&code=TAH3KW7LTM88P7ETA6
KTKNLA4L6WXXNJEWTP,https://apps.apple.com/redeem?ctx=offercodes&id=6757223698&code=KTKNLA4L6WXXNJEWTP
PX6MA3J7AJK3T638WW,https://apps.apple.com/redeem?ctx=offercodes&id=6757223698&code=PX6MA3J7AJK3T638WW
PKJ6KMEHYWMKLEF7NJ,https://apps.apple.com/redeem?ctx=offercodes&id=6757223698&code=PKJ6KMEHYWMKLEF7NJ
PK3JKF73JTXXW77ETN,https://apps.apple.com/redeem?ctx=offercodes&id=6757223698&code=PK3JKF73JTXXW77ETN
3KKFT7438R43X6WXLY,https://apps.apple.com/redeem?ctx=offercodes&id=6757223698&code=3KKFT7438R43X6WXLY
MKWP8388EA76A6FFF7,https://apps.apple.com/redeem?ctx=offercodes&id=6757223698&code=MKWP8388EA76A6FFF7
3PFLMLMMFF8H8XJXAT,https://apps.apple.com/redeem?ctx=offercodes&id=6757223698&code=3PFLMLMMFF8H8XJXAT
NXR6L8Y4NHARE4XMFM,https://apps.apple.com/redeem?ctx=offercodes&id=6757223698&code=NXR6L8Y4NHARE4XMFM
EJWLKK4J74MEAEKYWW,https://apps.apple.com/redeem?ctx=offercodes&id=6757223698&code=EJWLKK4J74MEAEKYWW
JTM77P4YEKPLMNXKAN,https://apps.apple.com/redeem?ctx=offercodes&id=6757223698&code=JTM77P4YEKPLMNXKAN
XN6XXJJJJK4PEP6J6T,https://apps.apple.com/redeem?ctx=offercodes&id=6757223698&code=XN6XXJJJJK4PEP6J6T
JA644EFPA36KE3NWKT,https://apps.apple.com/redeem?ctx=offercodes&id=6757223698&code=JA644EFPA36KE3NWKT
477NXNREN7P3RPMTFX,https://apps.apple.com/redeem?ctx=offercodes&id=6757223698&code=477NXNREN7P3RPMTFX
EJT4HNNPFM6L7PXFPW,https://apps.apple.com/redeem?ctx=offercodes&id=6757223698&code=EJT4HNNPFM6L7PXFPW
TPL6Y4E8XPAW3KKFJK,https://apps.apple.com/redeem?ctx=offercodes&id=6757223698&code=TPL6Y4E8XPAW3KKFJK
NRM68EKNARPMWL46E7,https://apps.apple.com/redeem?ctx=offercodes&id=6757223698&code=NRM68EKNARPMWL46E7
WKWFXMKRNTLEHXMN3A,https://apps.apple.com/redeem?ctx=offercodes&id=6757223698&code=WKWFXMKRNTLEHXMN3A
K3JEYETRL8RPR3ENET,https://apps.apple.com/redeem?ctx=offercodes&id=6757223698&code=K3JEYETRL8RPR3ENET
4NNH6XMTMJ46X848TE,https://apps.apple.com/redeem?ctx=offercodes&id=6757223698&code=4NNH6XMTMJ46X848TE
K3H8YFXJA4K83EWW6X,https://apps.apple.com/redeem?ctx=offercodes&id=6757223698&code=K3H8YFXJA4K83EWW6X
EWPTP46PLELR7JKP76,https://apps.apple.com/redeem?ctx=offercodes&id=6757223698&code=EWPTP46PLELR7JKP76
PMNJERLFYEMTTH7JHY,https://apps.apple.com/redeem?ctx=offercodes&id=6757223698&code=PMNJERLFYEMTTH7JHY
F7WY4NPT67RMW38FTJ,https://apps.apple.com/redeem?ctx=offercodes&id=6757223698&code=F7WY4NPT67RMW38FTJ
EAHMRM3RWMMN8MXWXE,https://apps.apple.com/redeem?ctx=offercodes&id=6757223698&code=EAHMRM3RWMMN8MXWXE
NJX63AR8HPWR7EFTRF,https://apps.apple.com/redeem?ctx=offercodes&id=6757223698&code=NJX63AR8HPWR7EFTRF
JKXRTRJFK34HL4MYJP,https://apps.apple.com/redeem?ctx=offercodes&id=6757223698&code=JKXRTRJFK34HL4MYJP
FXE47HFXKWR3A6PFLR,https://apps.apple.com/redeem?ctx=offercodes&id=6757223698&code=FXE47HFXKWR3A6PFLR
EEP3E6TL43AYWFPJKJ,https://apps.apple.com/redeem?ctx=offercodes&id=6757223698&code=EEP3E6TL43AYWFPJKJ
P4MHHY43WMTMN4TF74,https://apps.apple.com/redeem?ctx=offercodes&id=6757223698&code=P4MHHY43WMTMN4TF74
FT4X76J3M7FM4M4WMW,https://apps.apple.com/redeem?ctx=offercodes&id=6757223698&code=FT4X76J3M7FM4M4WMW
RALJAK3LYXJ37ML38M,https://apps.apple.com/redeem?ctx=offercodes&id=6757223698&code=RALJAK3LYXJ37ML38M
8NXTPPXTMHNX7N7LKY,https://apps.apple.com/redeem?ctx=offercodes&id=6757223698&code=8NXTPPXTMHNX7N7LKY
LFRN83XPM7W47E7HLE,https://apps.apple.com/redeem?ctx=offercodes&id=6757223698&code=LFRN83XPM7W47E7HLE
TRXE3TP34PLPA4XH6L,https://apps.apple.com/redeem?ctx=offercodes&id=6757223698&code=TRXE3TP34PLPA4XH6L
PRK3AFMTJAAYLTP38K,https://apps.apple.com/redeem?ctx=offercodes&id=6757223698&code=PRK3AFMTJAAYLTP38K
P4HENPHLPL47E3JMTT,https://apps.apple.com/redeem?ctx=offercodes&id=6757223698&code=P4HENPHLPL47E3JMTT
RKFXMFERWEYY8E6WTH,https://apps.apple.com/redeem?ctx=offercodes&id=6757223698&code=RKFXMFERWEYY8E6WTH
HMYTX7E6M3WLM864F7,https://apps.apple.com/redeem?ctx=offercodes&id=6757223698&code=HMYTX7E6M3WLM864F7
WENTFW3WPPMEKALXKX,https://apps.apple.com/redeem?ctx=offercodes&id=6757223698&code=WENTFW3WPPMEKALXKX
MF8LYYMN467YH8JWJ7,https://apps.apple.com/redeem?ctx=offercodes&id=6757223698&code=MF8LYYMN467YH8JWJ7
MN4MJA7WL48JF3JJEY,https://apps.apple.com/redeem?ctx=offercodes&id=6757223698&code=MN4MJA7WL48JF3JJEY
JXENKE4FXTPNT8X6WF,https://apps.apple.com/redeem?ctx=offercodes&id=6757223698&code=JXENKE4FXTPNT8X6WF
4Y3KPPTNMTMAHHNTA7,https://apps.apple.com/redeem?ctx=offercodes&id=6757223698&code=4Y3KPPTNMTMAHHNTA7
PEL3F78FWYJ4M4ANY4,https://apps.apple.com/redeem?ctx=offercodes&id=6757223698&code=PEL3F78FWYJ4M4ANY4
RFTATHT484X888FFLY,https://apps.apple.com/redeem?ctx=offercodes&id=6757223698&code=RFTATHT484X888FFLY
66YPPW6JTHX4L3LTHX,https://apps.apple.com/redeem?ctx=offercodes&id=6757223698&code=66YPPW6JTHX4L3LTHX
7PAAT3RTK6PPYHRK6H,https://apps.apple.com/redeem?ctx=offercodes&id=6757223698&code=7PAAT3RTK6PPYHRK6H
NRRXFPYKFTJYH68K7J,https://apps.apple.com/redeem?ctx=offercodes&id=6757223698&code=NRRXFPYKFTJYH68K7J
43EENTPNXKXEWNY3KW,https://apps.apple.com/redeem?ctx=offercodes&id=6757223698&code=43EENTPNXKXEWNY3KW
4WYPFENMJELFT7H8E6,https://apps.apple.com/redeem?ctx=offercodes&id=6757223698&code=4WYPFENMJELFT7H8E6
A4TXEKMHWJRANXP86J,https://apps.apple.com/redeem?ctx=offercodes&id=6757223698&code=A4TXEKMHWJRANXP86J
KKYRR4N8MAH73E8R8E,https://apps.apple.com/redeem?ctx=offercodes&id=6757223698&code=KKYRR4N8MAH73E8R8E
TLMR4WKE3XE7MMW6YH,https://apps.apple.com/redeem?ctx=offercodes&id=6757223698&code=TLMR4WKE3XE7MMW6YH
MXX46LEJJ38PAHKFYA,https://apps.apple.com/redeem?ctx=offercodes&id=6757223698&code=MXX46LEJJ38PAHKFYA
MJW78LXXK8PX8ELLWA,https://apps.apple.com/redeem?ctx=offercodes&id=6757223698&code=MJW78LXXK8PX8ELLWA
YLHP67NAYAWR3WHELM,https://apps.apple.com/redeem?ctx=offercodes&id=6757223698&code=YLHP67NAYAWR3WHELM
8HPJEJHK8MYJ8EET67,https://apps.apple.com/redeem?ctx=offercodes&id=6757223698&code=8HPJEJHK8MYJ8EET67
8JKJHYH7NLFR4LP6TX,https://apps.apple.com/redeem?ctx=offercodes&id=6757223698&code=8JKJHYH7NLFR4LP6TX
R4RMA7MWH8MJ7K7JTF,https://apps.apple.com/redeem?ctx=offercodes&id=6757223698&code=R4RMA7MWH8MJ7K7JTF
R4P8WAT3PPA6FR8R4R,https://apps.apple.com/redeem?ctx=offercodes&id=6757223698&code=R4P8WAT3PPA6FR8R4R
P7PA4JELNTAXYXEX8W,https://apps.apple.com/redeem?ctx=offercodes&id=6757223698&code=P7PA4JELNTAXYXEX8W
8TMHTX4LPMR4NAMEWR,https://apps.apple.com/redeem?ctx=offercodes&id=6757223698&code=8TMHTX4LPMR4NAMEWR
PXAAFHP6N7663RWHK6,https://apps.apple.com/redeem?ctx=offercodes&id=6757223698&code=PXAAFHP6N7663RWHK6
ETEWR3J6AL367RJHTM,https://apps.apple.com/redeem?ctx=offercodes&id=6757223698&code=ETEWR3J6AL367RJHTM
PLTH6R8HLAYNN4K7LN,https://apps.apple.com/redeem?ctx=offercodes&id=6757223698&code=PLTH6R8HLAYNN4K7LN
K6WWYML3PPYARKMNFN,https://apps.apple.com/redeem?ctx=offercodes&id=6757223698&code=K6WWYML3PPYARKMNFN
H6MMMHNNNREJH3PYJ4,https://apps.apple.com/redeem?ctx=offercodes&id=6757223698&code=H6MMMHNNNREJH3PYJ4
M4YK8EAXLXXF7YFH4H,https://apps.apple.com/redeem?ctx=offercodes&id=6757223698&code=M4YK8EAXLXXF7YFH4H
XKAE7LR6PT8NP3NXWF,https://apps.apple.com/redeem?ctx=offercodes&id=6757223698&code=XKAE7LR6PT8NP3NXWF
NX3KT3FF48R3JFHKPA,https://apps.apple.com/redeem?ctx=offercodes&id=6757223698&code=NX3KT3FF48R3JFHKPA
AHYFWNHM64JHAAYWXN,https://apps.apple.com/redeem?ctx=offercodes&id=6757223698&code=AHYFWNHM64JHAAYWXN
3PTNLKX6Y4ARMW8FFL,https://apps.apple.com/redeem?ctx=offercodes&id=6757223698&code=3PTNLKX6Y4ARMW8FFL
3R3NHTF3EAKE78TYHM,https://apps.apple.com/redeem?ctx=offercodes&id=6757223698&code=3R3NHTF3EAKE78TYHM
RPWEK8PE4T7TR84WY7,https://apps.apple.com/redeem?ctx=offercodes&id=6757223698&code=RPWEK8PE4T7TR84WY7
LKKYJ8E3MPMTHHPART,https://apps.apple.com/redeem?ctx=offercodes&id=6757223698&code=LKKYJ8E3MPMTHHPART
YHPE6N4KRKJ7H3FW8T,https://apps.apple.com/redeem?ctx=offercodes&id=6757223698&code=YHPE6N4KRKJ7H3FW8T
X6XFEJ7HJL3YM4E8YM,https://apps.apple.com/redeem?ctx=offercodes&id=6757223698&code=X6XFEJ7HJL3YM4E8YM
FKFKMJJLALK33T4RKT,https://apps.apple.com/redeem?ctx=offercodes&id=6757223698&code=FKFKMJJLALK33T4RKT
XRY6NWPNN8X476MNRP,https://apps.apple.com/redeem?ctx=offercodes&id=6757223698&code=XRY6NWPNN8X476MNRP
APXJ87L88XF4MX88H8,https://apps.apple.com/redeem?ctx=offercodes&id=6757223698&code=APXJ87L88XF4MX88H8
8LYYKJLRTK7LMKYJN6,https://apps.apple.com/redeem?ctx=offercodes&id=6757223698&code=8LYYKJLRTK7LMKYJN6
K7PYAP6788FJ4RA6P6,https://apps.apple.com/redeem?ctx=offercodes&id=6757223698&code=K7PYAP6788FJ4RA6P6
88NLWR3PYRWEYJ8HJF,https://apps.apple.com/redeem?ctx=offercodes&id=6757223698&code=88NLWR3PYRWEYJ8HJF
AMNM4N8K4N86ARHRAR,https://apps.apple.com/redeem?ctx=offercodes&id=6757223698&code=AMNM4N8K4N86ARHRAR
EMK6LL4J8ANAKYM3W3,https://apps.apple.com/redeem?ctx=offercodes&id=6757223698&code=EMK6LL4J8ANAKYM3W3
MKF3Y8MARXKHX4HM67,https://apps.apple.com/redeem?ctx=offercodes&id=6757223698&code=MKF3Y8MARXKHX4HM67
AR6XLPY67RHXK8TXA4,https://apps.apple.com/redeem?ctx=offercodes&id=6757223698&code=AR6XLPY67RHXK8TXA4
K8EW483WAYWNXJN6Y3,https://apps.apple.com/redeem?ctx=offercodes&id=6757223698&code=K8EW483WAYWNXJN6Y3
PE6RYFR8XRM7JW7LN6,https://apps.apple.com/redeem?ctx=offercodes&id=6757223698&code=PE6RYFR8XRM7JW7LN6
RJHF6HNARR8P3AW4TA,https://apps.apple.com/redeem?ctx=offercodes&id=6757223698&code=RJHF6HNARR8P3AW4TA
87NTTH4WTH6476477J,https://apps.apple.com/redeem?ctx=offercodes&id=6757223698&code=87NTTH4WTH6476477J
H6PL66H7KKAHNR6WXJ,https://apps.apple.com/redeem?ctx=offercodes&id=6757223698&code=H6PL66H7KKAHNR6WXJ
RPMJ43NFX8RYNNNHAH,https://apps.apple.com/redeem?ctx=offercodes&id=6757223698&code=RPMJ43NFX8RYNNNHAH
FMEP33AME7E3ATXJYA,https://apps.apple.com/redeem?ctx=offercodes&id=6757223698&code=FMEP33AME7E3ATXJYA
8JWK3X8W7LM8YNAHRK,https://apps.apple.com/redeem?ctx=offercodes&id=6757223698&code=8JWK3X8W7LM8YNAHRK
XY3W6F844JHJMM6ERR,https://apps.apple.com/redeem?ctx=offercodes&id=6757223698&code=XY3W6F844JHJMM6ERR
EAHMYJM77LYN84N63J,https://apps.apple.com/redeem?ctx=offercodes&id=6757223698&code=EAHMYJM77LYN84N63J
XXR47X3P7MAENMFFMY,https://apps.apple.com/redeem?ctx=offercodes&id=6757223698&code=XXR47X3P7MAENMFFMY
744KRYK3H3MWE38JPA,https://apps.apple.com/redeem?ctx=offercodes&id=6757223698&code=744KRYK3H3MWE38JPA
APW7HE6W3E4PHAWKKT,https://apps.apple.com/redeem?ctx=offercodes&id=6757223698&code=APW7HE6W3E4PHAWKKT
4XWKXLYTWJFTKFL3EM,https://apps.apple.com/redeem?ctx=offercodes&id=6757223698&code=4XWKXLYTWJFTKFL3EM
N8KP6Y4RL334LPETAA,https://apps.apple.com/redeem?ctx=offercodes&id=6757223698&code=N8KP6Y4RL334LPETAA
WNNEE3RAY6R6LRE73N,https://apps.apple.com/redeem?ctx=offercodes&id=6757223698&code=WNNEE3RAY6R6LRE73N
NRFHY8YYML8NJPW4JA,https://apps.apple.com/redeem?ctx=offercodes&id=6757223698&code=NRFHY8YYML8NJPW4JA
7J343XMA6PJNELXA4H,https://apps.apple.com/redeem?ctx=offercodes&id=6757223698&code=7J343XMA6PJNELXA4H
TTWY634WTXYP46RWWJ,https://apps.apple.com/redeem?ctx=offercodes&id=6757223698&code=TTWY634WTXYP46RWWJ
HKXYY7NPJH64JEAPK3,https://apps.apple.com/redeem?ctx=offercodes&id=6757223698&code=HKXYY7NPJH64JEAPK3
6RJWHLJT6LP63N87MT,https://apps.apple.com/redeem?ctx=offercodes&id=6757223698&code=6RJWHLJT6LP63N87MT
6YXK4MY37Y8KTPKRWR,https://apps.apple.com/redeem?ctx=offercodes&id=6757223698&code=6YXK4MY37Y8KTPKRWR
AXMTYNA4ARH3YKJRX6,https://apps.apple.com/redeem?ctx=offercodes&id=6757223698&code=AXMTYNA4ARH3YKJRX6
7RR38A6HX6L4JA3FY8,https://apps.apple.com/redeem?ctx=offercodes&id=6757223698&code=7RR38A6HX6L4JA3FY8
MPL73FJKM3W3E34XPX,https://apps.apple.com/redeem?ctx=offercodes&id=6757223698&code=MPL73FJKM3W3E34XPX
8RPTEWXE6K7F8644Y3,https://apps.apple.com/redeem?ctx=offercodes&id=6757223698&code=8RPTEWXE6K7F8644Y3
66XFJY3KWEA6R3KJP6,https://apps.apple.com/redeem?ctx=offercodes&id=6757223698&code=66XFJY3KWEA6R3KJP6
8PW4L3P8LW84ET7X88,https://apps.apple.com/redeem?ctx=offercodes&id=6757223698&code=8PW4L3P8LW84ET7X88
7LFWTKEK6LYYPHHK4L,https://apps.apple.com/redeem?ctx=offercodes&id=6757223698&code=7LFWTKEK6LYYPHHK4L
E6R7AW6RAH4W6RNKYX,https://apps.apple.com/redeem?ctx=offercodes&id=6757223698&code=E6R7AW6RAH4W6RNKYX
KEKRA8WFJNRTAPJ6EP,https://apps.apple.com/redeem?ctx=offercodes&id=6757223698&code=KEKRA8WFJNRTAPJ6EP
F8HMXX7PLFNPP6FYHA,https://apps.apple.com/redeem?ctx=offercodes&id=6757223698&code=F8HMXX7PLFNPP6FYHA
KEEPWWKPNNAJFAXXRY,https://apps.apple.com/redeem?ctx=offercodes&id=6757223698&code=KEEPWWKPNNAJFAXXRY
ME67XAE4PHA73HR6KM,https://apps.apple.com/redeem?ctx=offercodes&id=6757223698&code=ME67XAE4PHA73HR6KM
MJFRM33FFL4TJML4HX,https://apps.apple.com/redeem?ctx=offercodes&id=6757223698&code=MJFRM33FFL4TJML4HX
4P436HWE7RH8Y6KARA,https://apps.apple.com/redeem?ctx=offercodes&id=6757223698&code=4P436HWE7RH8Y6KARA
XRAWPJXEY3PM84YY83,https://apps.apple.com/redeem?ctx=offercodes&id=6757223698&code=XRAWPJXEY3PM84YY83
J36TFMMK3YAHXLJFPT,https://apps.apple.com/redeem?ctx=offercodes&id=6757223698&code=J36TFMMK3YAHXLJFPT
EWHY6TRRWKER4RXA4P,https://apps.apple.com/redeem?ctx=offercodes&id=6757223698&code=EWHY6TRRWKER4RXA4P
NLKJX84WY3H8LY8YA3,https://apps.apple.com/redeem?ctx=offercodes&id=6757223698&code=NLKJX84WY3H8LY8YA3
PY6K88XX8ALFJRFXLM,https://apps.apple.com/redeem?ctx=offercodes&id=6757223698&code=PY6K88XX8ALFJRFXLM
XAJJ4NLMWFMWHRWM8P,https://apps.apple.com/redeem?ctx=offercodes&id=6757223698&code=XAJJ4NLMWFMWHRWM8P
4FLTH3H6JMPRM4KJJR,https://apps.apple.com/redeem?ctx=offercodes&id=6757223698&code=4FLTH3H6JMPRM4KJJR
7WWXR4RXTRTXEE8TYA,https://apps.apple.com/redeem?ctx=offercodes&id=6757223698&code=7WWXR4RXTRTXEE8TYA
MRRATP7NPLRPR3TKRP,https://apps.apple.com/redeem?ctx=offercodes&id=6757223698&code=MRRATP7NPLRPR3TKRP
N67RHAEJRMLNKPFFRJ,https://apps.apple.com/redeem?ctx=offercodes&id=6757223698&code=N67RHAEJRMLNKPFFRJ
3WL6R6J6WTY837R6MW,https://apps.apple.com/redeem?ctx=offercodes&id=6757223698&code=3WL6R6J6WTY837R6MW
F7NX3R33FL7TF6YLNH,https://apps.apple.com/redeem?ctx=offercodes&id=6757223698&code=F7NX3R33FL7TF6YLNH
3L8LRMXX4Y6X4KTWAN,https://apps.apple.com/redeem?ctx=offercodes&id=6757223698&code=3L8LRMXX4Y6X4KTWAN
3A6F4MXT7NNX4KWFFH,https://apps.apple.com/redeem?ctx=offercodes&id=6757223698&code=3A6F4MXT7NNX4KWFFH
Y3AJHK38X6FTHM7LFM,https://apps.apple.com/redeem?ctx=offercodes&id=6757223698&code=Y3AJHK38X6FTHM7LFM
PAWXFYEEFHKH8JNTK7,https://apps.apple.com/redeem?ctx=offercodes&id=6757223698&code=PAWXFYEEFHKH8JNTK7
P676M36MF4RLXXTMEM,https://apps.apple.com/redeem?ctx=offercodes&id=6757223698&code=P676M36MF4RLXXTMEM
TL7JW3JF67FXRTHYXF,https://apps.apple.com/redeem?ctx=offercodes&id=6757223698&code=TL7JW3JF67FXRTHYXF
XWWYLAMAFFNERY8ARL,https://apps.apple.com/redeem?ctx=offercodes&id=6757223698&code=XWWYLAMAFFNERY8ARL
KWWW3KWF8LHJ7A6KJ3,https://apps.apple.com/redeem?ctx=offercodes&id=6757223698&code=KWWW3KWF8LHJ7A6KJ3
EJLKNHP3AXN8JH7HAP,https://apps.apple.com/redeem?ctx=offercodes&id=6757223698&code=EJLKNHP3AXN8JH7HAP
M8ERJ7AL77E4E38HRP,https://apps.apple.com/redeem?ctx=offercodes&id=6757223698&code=M8ERJ7AL77E4E38HRP
F88XKJPWAAMTM4KW67,https://apps.apple.com/redeem?ctx=offercodes&id=6757223698&code=F88XKJPWAAMTM4KW67
66NR6834K6X4ET7RP7,https://apps.apple.com/redeem?ctx=offercodes&id=6757223698&code=66NR6834K6X4ET7RP7
WX7F8FFYEY6XTKN6FR,https://apps.apple.com/redeem?ctx=offercodes&id=6757223698&code=WX7F8FFYEY6XTKN6FR
NT6W74RWENFJLY3HER,https://apps.apple.com/redeem?ctx=offercodes&id=6757223698&code=NT6W74RWENFJLY3HER
R3AWLY3EHP8RNRJXNY,https://apps.apple.com/redeem?ctx=offercodes&id=6757223698&code=R3AWLY3EHP8RNRJXNY
MXYMRR68X8YTYENNHL,https://apps.apple.com/redeem?ctx=offercodes&id=6757223698&code=MXYMRR68X8YTYENNHL
374PJEH48YRTX8WJMK,https://apps.apple.com/redeem?ctx=offercodes&id=6757223698&code=374PJEH48YRTX8WJMK
HR3866FFNHJYHWN6J8,https://apps.apple.com/redeem?ctx=offercodes&id=6757223698&code=HR3866FFNHJYHWN6J8
PFTTF8JWNAJLX7ANFN,https://apps.apple.com/redeem?ctx=offercodes&id=6757223698&code=PFTTF8JWNAJLX7ANFN
TXHARL67YYKRFTYT4J,https://apps.apple.com/redeem?ctx=offercodes&id=6757223698&code=TXHARL67YYKRFTYT4J
NLFH3FKNN33XNLT88L,https://apps.apple.com/redeem?ctx=offercodes&id=6757223698&code=NLFH3FKNN33XNLT88L
YEFYRNYF7YRKMXP7Y8,https://apps.apple.com/redeem?ctx=offercodes&id=6757223698&code=YEFYRNYF7YRKMXP7Y8
YWL6F4PPLJRE4NX4AL,https://apps.apple.com/redeem?ctx=offercodes&id=6757223698&code=YWL6F4PPLJRE4NX4AL
T8EYP86AFLM8L7LPEJ,https://apps.apple.com/redeem?ctx=offercodes&id=6757223698&code=T8EYP86AFLM8L7LPEJ
LAJ64NPPPLXX8P7XXW,https://apps.apple.com/redeem?ctx=offercodes&id=6757223698&code=LAJ64NPPPLXX8P7XXW
7YNYF4T84KNP4337TR,https://apps.apple.com/redeem?ctx=offercodes&id=6757223698&code=7YNYF4T84KNP4337TR
J8RHMJARTF4JR63TLX,https://apps.apple.com/redeem?ctx=offercodes&id=6757223698&code=J8RHMJARTF4JR63TLX
JNANEA88NJLMYLEN88,https://apps.apple.com/redeem?ctx=offercodes&id=6757223698&code=JNANEA88NJLMYLEN88
4HA8AL48KEP3A8FJFP,https://apps.apple.com/redeem?ctx=offercodes&id=6757223698&code=4HA8AL48KEP3A8FJFP
KRAWXLK6TXPRTF73MY,https://apps.apple.com/redeem?ctx=offercodes&id=6757223698&code=KRAWXLK6TXPRTF73MY
L8JAMWJHPW3TYLNP76,https://apps.apple.com/redeem?ctx=offercodes&id=6757223698&code=L8JAMWJHPW3TYLNP76
E8YLREP7WWJJLY7N7L,https://apps.apple.com/redeem?ctx=offercodes&id=6757223698&code=E8YLREP7WWJJLY7N7L
7AWK3N6JTPW8J34Y7X,https://apps.apple.com/redeem?ctx=offercodes&id=6757223698&code=7AWK3N6JTPW8J34Y7X
APYTE7KKKYA4XT87J4,https://apps.apple.com/redeem?ctx=offercodes&id=6757223698&code=APYTE7KKKYA4XT87J4
6HYE3PX7WMTYHXF8NL,https://apps.apple.com/redeem?ctx=offercodes&id=6757223698&code=6HYE3PX7WMTYHXF8NL
NEA4RNRYWPAX8AWWL3,https://apps.apple.com/redeem?ctx=offercodes&id=6757223698&code=NEA4RNRYWPAX8AWWL3
JEP4HTLXTLJH63A8RX,https://apps.apple.com/redeem?ctx=offercodes&id=6757223698&code=JEP4HTLXTLJH63A8RX
JYMWKA3JAWFR8M76XJ,https://apps.apple.com/redeem?ctx=offercodes&id=6757223698&code=JYMWKA3JAWFR8M76XJ
RWRY4H87W7LLJJ4KR3,https://apps.apple.com/redeem?ctx=offercodes&id=6757223698&code=RWRY4H87W7LLJJ4KR3
KJLKHAEXTJK6WP43RW,https://apps.apple.com/redeem?ctx=offercodes&id=6757223698&code=KJLKHAEXTJK6WP43RW
EPLP4N7A7YPN6FPNMP,https://apps.apple.com/redeem?ctx=offercodes&id=6757223698&code=EPLP4N7A7YPN6FPNMP
J63F8RA87R3PM876PM,https://apps.apple.com/redeem?ctx=offercodes&id=6757223698&code=J63F8RA87R3PM876PM
XFFFN83ANE3P7484A3,https://apps.apple.com/redeem?ctx=offercodes&id=6757223698&code=XFFFN83ANE3P7484A3
6NKN43PEHTH7TMLJF4,https://apps.apple.com/redeem?ctx=offercodes&id=6757223698&code=6NKN43PEHTH7TMLJF4
A68PK7RHHANTWH6F6R,https://apps.apple.com/redeem?ctx=offercodes&id=6757223698&code=A68PK7RHHANTWH6F6R
FKWEJJKLJ6PWRFJ76L,https://apps.apple.com/redeem?ctx=offercodes&id=6757223698&code=FKWEJJKLJ6PWRFJ76L
MKMAE6TMKLFL7F4PPP,https://apps.apple.com/redeem?ctx=offercodes&id=6757223698&code=MKMAE6TMKLFL7F4PPP
FM7LT8T46WK7WPM6KW,https://apps.apple.com/redeem?ctx=offercodes&id=6757223698&code=FM7LT8T46WK7WPM6KW
4RHTM4J778R47RKTX3,https://apps.apple.com/redeem?ctx=offercodes&id=6757223698&code=4RHTM4J778R47RKTX3
AP48PFAHKAHK6XJREH,https://apps.apple.com/redeem?ctx=offercodes&id=6757223698&code=AP48PFAHKAHK6XJREH
FEKWAL64H77KPXHRAY,https://apps.apple.com/redeem?ctx=offercodes&id=6757223698&code=FEKWAL64H77KPXHRAY
LRR3PJLFE47XM3NKEP,https://apps.apple.com/redeem?ctx=offercodes&id=6757223698&code=LRR3PJLFE47XM3NKEP
RH8EPY4P86F6WT6MFT,https://apps.apple.com/redeem?ctx=offercodes&id=6757223698&code=RH8EPY4P86F6WT6MFT
4TMNPEEPKL7KX4PMXM,https://apps.apple.com/redeem?ctx=offercodes&id=6757223698&code=4TMNPEEPKL7KX4PMXM
J47XX6JYYXFNXN3J37,https://apps.apple.com/redeem?ctx=offercodes&id=6757223698&code=J47XX6JYYXFNXN3J37
6AW4JJATYNALJ4FXW8,https://apps.apple.com/redeem?ctx=offercodes&id=6757223698&code=6AW4JJATYNALJ4FXW8
38XJT66JLN3FP8AEFK,https://apps.apple.com/redeem?ctx=offercodes&id=6757223698&code=38XJT66JLN3FP8AEFK
MTY364FYMJPM7RRMYH,https://apps.apple.com/redeem?ctx=offercodes&id=6757223698&code=MTY364FYMJPM7RRMYH
RRW8NPYAALMR6NJRTL,https://apps.apple.com/redeem?ctx=offercodes&id=6757223698&code=RRW8NPYAALMR6NJRTL
J8YYK6EK6L3ATR4WFE,https://apps.apple.com/redeem?ctx=offercodes&id=6757223698&code=J8YYK6EK6L3ATR4WFE
788HLMRNM784ATNETK,https://apps.apple.com/redeem?ctx=offercodes&id=6757223698&code=788HLMRNM784ATNETK
M3PWLAJWX7888AKXH8,https://apps.apple.com/redeem?ctx=offercodes&id=6757223698&code=M3PWLAJWX7888AKXH8
WWL6FW8MTLXE8PWFJE,https://apps.apple.com/redeem?ctx=offercodes&id=6757223698&code=WWL6FW8MTLXE8PWFJE
F4PTTHRPRTKX7J6867,https://apps.apple.com/redeem?ctx=offercodes&id=6757223698&code=F4PTTHRPRTKX7J6867
NX64T67MKEJFA6ME34,https://apps.apple.com/redeem?ctx=offercodes&id=6757223698&code=NX64T67MKEJFA6ME34
XY7L3LXRYHTP6T6J83,https://apps.apple.com/redeem?ctx=offercodes&id=6757223698&code=XY7L3LXRYHTP6T6J83
7LK3H3L8ER84HJX8W7,https://apps.apple.com/redeem?ctx=offercodes&id=6757223698&code=7LK3H3L8ER84HJX8W7
TK7RPEY4T8E6X87EWF,https://apps.apple.com/redeem?ctx=offercodes&id=6757223698&code=TK7RPEY4T8E6X87EWF
MYW4PYRRYHWMPMWJ44,https://apps.apple.com/redeem?ctx=offercodes&id=6757223698&code=MYW4PYRRYHWMPMWJ44
YYPY3Y3L8AF7F8NX4W,https://apps.apple.com/redeem?ctx=offercodes&id=6757223698&code=YYPY3Y3L8AF7F8NX4W
F3NRJA3TMK3YX8EKHY,https://apps.apple.com/redeem?ctx=offercodes&id=6757223698&code=F3NRJA3TMK3YX8EKHY
4384WHEMPPTWYRNY44,https://apps.apple.com/redeem?ctx=offercodes&id=6757223698&code=4384WHEMPPTWYRNY44
4M443YTR4TEL4PKRFH,https://apps.apple.com/redeem?ctx=offercodes&id=6757223698&code=4M443YTR4TEL4PKRFH
KA44RHTR7TL8J76M8X,https://apps.apple.com/redeem?ctx=offercodes&id=6757223698&code=KA44RHTR7TL8J76M8X
FKF8N4HMJRAF7KFPLM,https://apps.apple.com/redeem?ctx=offercodes&id=6757223698&code=FKF8N4HMJRAF7KFPLM
KPMKPAPEE6LENYFYP8,https://apps.apple.com/redeem?ctx=offercodes&id=6757223698&code=KPMKPAPEE6LENYFYP8
K743J3JXWH6AW7LHY4,https://apps.apple.com/redeem?ctx=offercodes&id=6757223698&code=K743J3JXWH6AW7LHY4
YEA7EJ3TKFHFW7T68A,https://apps.apple.com/redeem?ctx=offercodes&id=6757223698&code=YEA7EJ3TKFHFW7T68A
64HJKL8E6KP4XYJAXF,https://apps.apple.com/redeem?ctx=offercodes&id=6757223698&code=64HJKL8E6KP4XYJAXF
7RNFERYAKT6FHAN3RH,https://apps.apple.com/redeem?ctx=offercodes&id=6757223698&code=7RNFERYAKT6FHAN3RH
TYPTMMWWF3FF6P8N48,https://apps.apple.com/redeem?ctx=offercodes&id=6757223698&code=TYPTMMWWF3FF6P8N48
KKNYFF743P7XFPERM7,https://apps.apple.com/redeem?ctx=offercodes&id=6757223698&code=KKNYFF743P7XFPERM7
8KRJ43FYWKRHKPPEXL,https://apps.apple.com/redeem?ctx=offercodes&id=6757223698&code=8KRJ43FYWKRHKPPEXL
X6YXR7XFHH3H33MMET,https://apps.apple.com/redeem?ctx=offercodes&id=6757223698&code=X6YXR7XFHH3H33MMET
MAFNAX3MY4NYW63WHR,https://apps.apple.com/redeem?ctx=offercodes&id=6757223698&code=MAFNAX3MY4NYW63WHR
67P7FPXXXK73WKWFAW,https://apps.apple.com/redeem?ctx=offercodes&id=6757223698&code=67P7FPXXXK73WKWFAW
FLPJL4YNLH3JFALRKY,https://apps.apple.com/redeem?ctx=offercodes&id=6757223698&code=FLPJL4YNLH3JFALRKY
8TTL7T7A7HJ7HN7FKN,https://apps.apple.com/redeem?ctx=offercodes&id=6757223698&code=8TTL7T7A7HJ7HN7FKN
NYN3F76P3YP8TRT8AA,https://apps.apple.com/redeem?ctx=offercodes&id=6757223698&code=NYN3F76P3YP8TRT8AA
T6Y6PNW8JTNK6JK8X6,https://apps.apple.com/redeem?ctx=offercodes&id=6757223698&code=T6Y6PNW8JTNK6JK8X6
KALPJ76EX7XKTXNAY3,https://apps.apple.com/redeem?ctx=offercodes&id=6757223698&code=KALPJ76EX7XKTXNAY3
JKJEPAPNRTYTFKW84P,https://apps.apple.com/redeem?ctx=offercodes&id=6757223698&code=JKJEPAPNRTYTFKW84P
MNPYYW7643WLFHTRRX,https://apps.apple.com/redeem?ctx=offercodes&id=6757223698&code=MNPYYW7643WLFHTRRX
67E7KPHKJ8XJ7RKFAA,https://apps.apple.com/redeem?ctx=offercodes&id=6757223698&code=67E7KPHKJ8XJ7RKFAA
YYWFT3NNKENPXMRM87,https://apps.apple.com/redeem?ctx=offercodes&id=6757223698&code=YYWFT3NNKENPXMRM87
JYKF43XLNJYFMAHNEN,https://apps.apple.com/redeem?ctx=offercodes&id=6757223698&code=JYKF43XLNJYFMAHNEN
KY4KJYENXF8W4L3PK3,https://apps.apple.com/redeem?ctx=offercodes&id=6757223698&code=KY4KJYENXF8W4L3PK3
NRK6YHN3J7X7AMPJTX,https://apps.apple.com/redeem?ctx=offercodes&id=6757223698&code=NRK6YHN3J7X7AMPJTX
RNX8PYHL3YL4NXKHH4,https://apps.apple.com/redeem?ctx=offercodes&id=6757223698&code=RNX8PYHL3YL4NXKHH4
AT3YK8TEYLA3NR43KK,https://apps.apple.com/redeem?ctx=offercodes&id=6757223698&code=AT3YK8TEYLA3NR43KK
36RNFHAMKNY7ELNEA4,https://apps.apple.com/redeem?ctx=offercodes&id=6757223698&code=36RNFHAMKNY7ELNEA4
Y6N3NF6KLRRJKKKJNA,https://apps.apple.com/redeem?ctx=offercodes&id=6757223698&code=Y6N3NF6KLRRJKKKJNA
KTTP3X6YHFE7833JTF,https://apps.apple.com/redeem?ctx=offercodes&id=6757223698&code=KTTP3X6YHFE7833JTF
MHWMFRYNF4X6MEXH4J,https://apps.apple.com/redeem?ctx=offercodes&id=6757223698&code=MHWMFRYNF4X6MEXH4J
YNJR7WRNFKNNRHFPY4,https://apps.apple.com/redeem?ctx=offercodes&id=6757223698&code=YNJR7WRNFKNNRHFPY4
EHAMYNMTE84LTFKA4F,https://apps.apple.com/redeem?ctx=offercodes&id=6757223698&code=EHAMYNMTE84LTFKA4F
NHEA3RXY66JWKKP876,https://apps.apple.com/redeem?ctx=offercodes&id=6757223698&code=NHEA3RXY66JWKKP876
MKK8H84WLF7N88JNH3,https://apps.apple.com/redeem?ctx=offercodes&id=6757223698&code=MKK8H84WLF7N88JNH3
JPTMNJM8PWKFPW7XAE,https://apps.apple.com/redeem?ctx=offercodes&id=6757223698&code=JPTMNJM8PWKFPW7XAE
A8LL6W3MXM6FKPRH4Y,https://apps.apple.com/redeem?ctx=offercodes&id=6757223698&code=A8LL6W3MXM6FKPRH4Y
4KMWRXKPY66W3K6X3N,https://apps.apple.com/redeem?ctx=offercodes&id=6757223698&code=4KMWRXKPY66W3K6X3N
4HMELHN77WJTME6NLX,https://apps.apple.com/redeem?ctx=offercodes&id=6757223698&code=4HMELHN77WJTME6NLX
LLW4HNYAHT8YA678YA,https://apps.apple.com/redeem?ctx=offercodes&id=6757223698&code=LLW4HNYAHT8YA678YA
JFTE8RRYJPN4NRAKHT,https://apps.apple.com/redeem?ctx=offercodes&id=6757223698&code=JFTE8RRYJPN4NRAKHT
83Y8T3NA886TXXAAA4,https://apps.apple.com/redeem?ctx=offercodes&id=6757223698&code=83Y8T3NA886TXXAAA4
PJHYYRETE3KRY3N4RR,https://apps.apple.com/redeem?ctx=offercodes&id=6757223698&code=PJHYYRETE3KRY3N4RR
6F7X7MHXERFXTJ73XL,https://apps.apple.com/redeem?ctx=offercodes&id=6757223698&code=6F7X7MHXERFXTJ73XL
ANRR44ANHYTHKW3RFE,https://apps.apple.com/redeem?ctx=offercodes&id=6757223698&code=ANRR44ANHYTHKW3RFE
KAF6NNJEJWTN44TWJE,https://apps.apple.com/redeem?ctx=offercodes&id=6757223698&code=KAF6NNJEJWTN44TWJE
R888W76RNYE8ML347E,https://apps.apple.com/redeem?ctx=offercodes&id=6757223698&code=R888W76RNYE8ML347E
K6FLA4PMMPYR6F3KF3,https://apps.apple.com/redeem?ctx=offercodes&id=6757223698&code=K6FLA4PMMPYR6F3KF3
84Y6TMRKMRA68HJ37N,https://apps.apple.com/redeem?ctx=offercodes&id=6757223698&code=84Y6TMRKMRA68HJ37N
YPEKK3Y8FKK7H6KH3F,https://apps.apple.com/redeem?ctx=offercodes&id=6757223698&code=YPEKK3Y8FKK7H6KH3F
43RLP6E63WHPMHHKKJ,https://apps.apple.com/redeem?ctx=offercodes&id=6757223698&code=43RLP6E63WHPMHHKKJ
PEENK7PM3LRR7YNTY8,https://apps.apple.com/redeem?ctx=offercodes&id=6757223698&code=PEENK7PM3LRR7YNTY8
3TP66R86RATLPTEEHT,https://apps.apple.com/redeem?ctx=offercodes&id=6757223698&code=3TP66R86RATLPTEEHT
KKNEE386XWEMH67MEX,https://apps.apple.com/redeem?ctx=offercodes&id=6757223698&code=KKNEE386XWEMH67MEX
F38WYTJK6YKK3P8W4N,https://apps.apple.com/redeem?ctx=offercodes&id=6757223698&code=F38WYTJK6YKK3P8W4N
RPENAF3TNTFY4KHXWW,https://apps.apple.com/redeem?ctx=offercodes&id=6757223698&code=RPENAF3TNTFY4KHXWW
LX7TFA8P6EYWREF47R,https://apps.apple.com/redeem?ctx=offercodes&id=6757223698&code=LX7TFA8P6EYWREF47R
YN7FN7NY4FNNTLLR48,https://apps.apple.com/redeem?ctx=offercodes&id=6757223698&code=YN7FN7NY4FNNTLLR48
E84PHR84WR8REFN6AN,https://apps.apple.com/redeem?ctx=offercodes&id=6757223698&code=E84PHR84WR8REFN6AN
MWR74N8RMXW8M4L4TW,https://apps.apple.com/redeem?ctx=offercodes&id=6757223698&code=MWR74N8RMXW8M4L4TW
KJNA8KK3M4LE473LAJ,https://apps.apple.com/redeem?ctx=offercodes&id=6757223698&code=KJNA8KK3M4LE473LAJ
MWNRJW378KXMNJY33K,https://apps.apple.com/redeem?ctx=offercodes&id=6757223698&code=MWNRJW378KXMNJY33K
T6KREK8PK6FYPHLMNE,https://apps.apple.com/redeem?ctx=offercodes&id=6757223698&code=T6KREK8PK6FYPHLMNE
M6PMR4HEK6AHAP4478,https://apps.apple.com/redeem?ctx=offercodes&id=6757223698&code=M6PMR4HEK6AHAP4478
KPMFHPL37FWK78YWEM,https://apps.apple.com/redeem?ctx=offercodes&id=6757223698&code=KPMFHPL37FWK78YWEM
XXEYKT3WAPXTLP6KLP,https://apps.apple.com/redeem?ctx=offercodes&id=6757223698&code=XXEYKT3WAPXTLP6KLP
6KYF4XW86AM63NKLTA,https://apps.apple.com/redeem?ctx=offercodes&id=6757223698&code=6KYF4XW86AM63NKLTA
6T8P4KRFRNT47AMHEH,https://apps.apple.com/redeem?ctx=offercodes&id=6757223698&code=6T8P4KRFRNT47AMHEH
M6FMKHXN6LJJYJEYXP,https://apps.apple.com/redeem?ctx=offercodes&id=6757223698&code=M6FMKHXN6LJJYJEYXP
